account_id,account_name,country,signup_date,referral_source,seats,is_trial,seniority_months,signup_month,mrr_amount,nb_upgrades,days_since_last_usage,usage_trend_30d,nb_unique_features,total_tickets,nb_critical_tickets,resolution_time_hours,satisfaction_score,critical_ratio,churn_flag,ind_Cybersecurity,ind_DevTools,ind_EdTech,ind_FinTech,ind_HealthTech,plan_Basic,plan_Enterprise,plan_Pro
A-2e4581,Company_0,US,2024-10-16,partner,9,False,2,12,1260.3,1,108.4,0.0268292682926829,5.0,2.0,2.0,23.0,3.5,1.0,1,False,False,True,False,False,True,False,False
A-43a9e3,Company_1,IN,2023-08-17,other,18,False,15,2,1250.5,3,127.75,-0.0138888888888888,4.0,3.0,2.0,38.0,4.0,0.6666666666666666,0,False,False,False,True,False,True,False,False
A-0a282f,Company_2,US,2024-08-27,organic,1,False,4,12,1219.0666666666666,1,115.26666666666668,-0.0150766771355006,5.2,3.0,1.0,43.66666666666666,4.666666666666667,0.3333333333333333,1,False,True,False,False,False,True,False,False
A-1f0ac7,Company_3,UK,2023-08-27,other,24,True,13,12,1325.0,2,84.57142857142857,0.0091896407685881,5.428571428571429,2.0,1.0,29.0,4.0,0.5,1,False,False,False,False,True,True,False,False
A-ce550d,Company_4,US,2024-10-27,event,35,False,2,10,4909.333333333333,2,72.88888888888889,-0.0064997263273125,6.444444444444445,7.0,4.0,42.285714285714285,3.857142857142857,0.5714285714285714,1,False,False,False,False,True,False,True,False
A-1b9609,Company_5,IN,2023-10-12,ads,4,False,13,12,1528.1818181818182,0,143.9090909090909,0.0,4.090909090909091,4.0,3.0,43.0,3.75,0.75,1,False,False,True,False,False,False,True,False
A-a0ca4e,Company_6,US,2024-03-08,ads,11,False,9,3,1848.111111111111,0,94.0,0.0083333333333333,4.75,6.0,2.0,39.16666666666666,3.8333333333333335,0.3333333333333333,0,True,False,False,False,False,False,False,True
A-e5d6ab,Company_7,US,2023-04-15,partner,3,False,20,10,1304.8,0,128.5,0.0097560975609756,3.9,3.0,2.0,42.66666666666666,4.0,0.6666666666666666,1,False,False,True,False,False,False,False,True
A-7dacce,Company_8,CA,2024-09-10,event,12,False,3,9,2305.7,1,165.7,-0.0353846153846153,4.4,4.0,4.0,32.5,3.75,1.0,1,True,False,False,False,False,False,True,False
A-10b8da,Company_9,US,2023-05-08,partner,14,False,19,5,1464.5,1,127.33333333333331,0.0315315315315315,4.5,3.0,2.0,31.33333333333333,3.6666666666666665,0.6666666666666666,0,False,True,False,False,False,False,True,False
A-592832,Company_10,US,2024-09-25,organic,18,False,3,12,1714.2631578947369,1,116.88888888888889,0.0226798795824687,5.333333333333333,3.0,1.0,32.666666666666664,4.333333333333333,0.3333333333333333,1,True,False,False,False,False,True,False,False
A-d40bf7,Company_11,IN,2024-11-08,organic,59,False,1,11,4324.7,1,121.9,0.0,5.0,2.0,2.0,20.5,5.0,1.0,0,False,False,False,True,False,True,False,False
A-6c093d,Company_12,US,2023-04-14,partner,7,True,20,5,1353.5,2,145.08333333333334,0.0225718166635979,4.916666666666667,3.0,2.0,40.333333333333336,4.333333333333333,0.6666666666666666,0,False,True,False,False,False,True,False,False
A-462d45,Company_13,US,2024-01-15,partner,11,True,11,2,1952.6666666666667,1,167.58333333333334,0.0018939393939393,5.583333333333333,4.0,3.0,26.75,4.0,0.75,1,True,False,False,False,False,False,True,False
A-956988,Company_14,UK,2024-11-30,ads,1,False,1,12,2262.076923076923,0,146.6153846153846,-0.0076923076923076,5.230769230769231,2.0,1.0,50.5,3.5,0.5,1,False,False,True,False,False,False,True,False
A-ac14bb,Company_15,US,2023-09-08,partner,21,False,15,10,3468.25,2,111.125,0.0453705841607019,6.375,2.0,1.0,24.5,4.0,0.5,1,False,False,False,True,False,False,True,False
A-463db0,Company_16,US,2024-12-05,partner,15,False,0,12,1895.142857142857,0,67.14285714285714,0.0059523809523809,5.142857142857143,6.0,2.0,50.16666666666666,4.166666666666667,0.3333333333333333,1,False,False,False,False,True,True,False,False
A-ce66f8,Company_17,CA,2023-08-23,event,29,False,16,7,1976.3333333333333,0,92.83333333333331,0.0484290101582801,7.0,6.0,2.0,41.66666666666666,3.8333333333333335,0.3333333333333333,0,False,False,True,False,False,False,False,True
A-c4ea60,Company_18,DE,2023-03-09,other,18,False,21,11,1627.3333333333333,0,181.55555555555557,0.1090534979423868,4.666666666666667,5.0,1.0,36.0,3.6,0.2,0,False,False,False,True,False,False,True,False
A-832ec2,Company_19,UK,2023-11-19,event,4,True,12,1,1162.375,3,75.625,-0.0249999999999999,5.75,3.0,1.0,26.0,4.0,0.3333333333333333,1,False,False,False,True,False,False,True,False
A-684255,Company_20,US,2024-04-14,ads,9,False,8,7,846.0,3,136.28571428571428,0.0085714285714285,4.5,4.0,1.0,14.25,4.5,0.25,1,False,False,False,True,False,False,True,False
A-c42f1f,Company_21,US,2024-07-28,other,8,False,5,11,646.875,1,220.625,0.0,4.125,9.0,4.0,31.33333333333333,4.0,0.4444444444444444,0,False,False,False,False,True,False,False,True
A-4e44e8,Company_22,US,2024-08-20,ads,3,False,4,8,2603.214285714286,2,119.07142857142856,0.0,4.642857142857143,3.0,1.0,31.33333333333333,3.333333333333333,0.3333333333333333,1,False,True,False,False,False,False,True,False
A-30b4ca,Company_23,IN,2024-05-20,organic,86,False,7,7,9492.25,0,163.125,0.0197832661290322,5.25,3.0,0.0,57.66666666666666,4.0,0.0,1,False,False,True,False,False,True,False,False
A-9f2731,Company_24,IN,2024-10-04,event,1,False,2,11,516.1428571428571,0,94.0,-0.0199692780337941,4.428571428571429,0.0,0.0,0.0,0.0,0.0,1,False,False,False,True,False,False,True,False
A-32fb14,Company_25,US,2023-03-07,event,26,False,17,7,1129.111111111111,2,159.55555555555554,-0.0386334610472541,4.888888888888889,5.0,3.0,34.0,4.2,0.6,1,False,True,False,False,False,False,True,False
A-00cac8,Company_26,AU,2023-09-15,organic,8,True,15,4,1569.0,0,151.44444444444446,0.0533083645443196,5.888888888888889,2.0,2.0,33.0,4.0,1.0,0,False,False,False,False,True,False,True,False
A-35083d,Company_27,IN,2023-04-28,partner,19,False,19,12,2027.0625,3,135.5,-0.049218821268929,4.1875,4.0,3.0,49.75,4.75,0.75,0,False,False,False,False,True,True,False,False
A-eb7fac,Company_28,US,2023-10-28,organic,7,False,12,7,3214.6,0,188.33333333333331,-0.0140237324703344,5.444444444444445,4.0,2.0,34.0,4.0,0.5,1,False,True,False,False,False,False,True,False
A-b20d99,Company_29,IN,2023-09-27,other,20,False,11,1,1581.2857142857142,1,238.7142857142857,0.0,4.428571428571429,2.0,0.0,61.5,3.5,0.0,1,False,False,False,False,True,True,False,False
A-396e5f,Company_30,CA,2024-10-02,other,2,False,3,10,1023.6,2,97.4,0.0022768092416001,4.9,5.0,4.0,24.8,4.0,0.8,1,True,False,False,False,False,False,True,False
A-45ce7a,Company_31,US,2023-07-23,ads,16,False,16,9,1173.7142857142858,2,120.28571428571428,0.0506912442396313,5.142857142857143,5.0,0.0,45.4,3.8,0.0,0,False,False,False,True,False,False,True,False
A-08e34e,Company_32,US,2024-06-27,event,14,False,6,8,1983.7272727272727,0,135.9090909090909,0.0357323232323232,5.090909090909091,3.0,1.0,43.0,3.333333333333333,0.3333333333333333,1,False,False,True,False,False,True,False,False
A-8145a0,Company_33,AU,2023-04-25,partner,2,True,17,11,1438.3333333333333,2,127.41666666666669,0.0254901960784313,4.833333333333333,6.0,2.0,23.666666666666668,4.0,0.3333333333333333,1,True,False,False,False,False,True,False,False
A-bad8c1,Company_34,AU,2023-03-01,organic,7,False,18,12,1113.857142857143,2,88.57142857142857,0.0844155844155844,5.285714285714286,1.0,1.0,27.0,4.0,1.0,1,False,False,False,True,False,True,False,False
A-44dc83,Company_35,FR,2024-05-12,other,5,False,6,9,114.0,0,192.0,0.0,4.75,7.0,4.0,40.85714285714285,4.428571428571429,0.5714285714285714,1,False,False,True,False,False,True,False,False
A-f446b6,Company_36,DE,2023-05-12,ads,5,True,19,5,1265.7777777777778,0,142.22222222222223,0.050179211469534,4.222222222222222,8.0,6.0,30.75,4.125,0.75,0,False,True,False,False,False,False,False,True
A-a45270,Company_37,US,2024-06-24,ads,3,False,5,12,1677.5833333333333,2,118.08333333333331,0.0111246672582076,5.416666666666667,4.0,3.0,64.0,4.0,0.75,1,False,False,False,False,True,False,True,False
A-854864,Company_38,IN,2024-12-07,event,20,False,0,12,2459.833333333333,0,172.83333333333334,-0.0498084291187739,3.8333333333333335,5.0,2.0,44.2,4.8,0.4,1,False,False,False,True,False,False,True,False
A-1b7577,Company_39,US,2024-10-27,other,4,False,2,11,797.3636363636364,0,69.45454545454545,0.0004030919523877,5.636363636363637,5.0,3.0,27.2,4.0,0.6,0,True,False,False,False,False,False,False,True
A-05f0e5,Company_40,US,2023-05-04,partner,32,False,18,6,4159.583333333333,2,91.83333333333331,0.0485304659498208,5.25,4.0,2.0,20.0,4.0,0.5,1,False,False,False,True,False,True,False,False
A-9077b0,Company_41,US,2024-08-25,ads,2,False,4,12,509.2857142857143,3,109.85714285714286,0.0,6.142857142857143,3.0,3.0,40.333333333333336,4.333333333333333,1.0,0,False,False,False,False,True,True,False,False
A-7f8241,Company_42,US,2023-03-14,organic,34,False,21,8,2634.4,2,169.33333333333334,-0.0056497175141243,4.6,1.0,0.0,36.0,3.0,0.0,0,False,False,True,False,False,False,False,True
A-2bc93d,Company_43,US,2023-03-14,event,14,False,17,4,2491.846153846154,4,176.23076923076923,-0.0126291618828932,4.846153846153846,2.0,1.0,12.0,4.5,0.5,1,False,False,False,False,True,True,False,False
A-f3ff05,Company_44,IN,2024-07-06,other,2,False,5,8,1497.3076923076924,1,124.6923076923077,0.0192307692307692,4.307692307692308,3.0,1.0,42.66666666666666,3.6666666666666665,0.3333333333333333,1,False,False,False,True,False,False,True,False
A-2d4502,Company_45,IN,2024-04-29,event,7,False,8,11,2907.1,2,185.0,-0.0236363636363636,4.6,3.0,2.0,26.33333333333333,4.666666666666667,0.6666666666666666,1,False,False,False,True,False,True,False,False
A-6a4e2d,Company_46,UK,2023-04-07,partner,9,False,19,10,944.9090909090908,2,93.63636363636364,0.02599340157804,4.727272727272728,2.0,0.0,18.5,4.5,0.0,1,False,False,True,False,False,False,False,True
A-eb7c38,Company_47,AU,2024-02-25,organic,5,False,8,10,2494.266666666667,3,125.86666666666666,-0.0117647058823529,4.466666666666667,5.0,2.0,22.4,4.2,0.4,1,False,True,False,False,False,False,True,False
A-c37601,Company_48,US,2024-10-31,partner,6,True,2,11,1706.25,0,141.9090909090909,-0.0129870129870129,4.090909090909091,4.0,2.0,42.25,3.75,0.5,1,False,False,True,False,False,True,False,False
A-3b5cd1,Company_49,US,2023-09-12,event,13,True,15,10,1821.2307692307693,2,96.58333333333331,0.0140758873929008,4.0,5.0,2.0,27.4,4.0,0.4,1,False,False,False,True,False,True,False,False
A-b2225d,Company_50,US,2024-03-08,ads,47,False,9,11,1590.6666666666667,1,108.58333333333331,0.0424836601307189,5.833333333333333,2.0,2.0,42.0,3.5,1.0,1,False,False,False,True,False,True,False,False
A-94f8c9,Company_51,US,2024-03-29,other,13,False,9,8,1999.3125,2,170.3125,-0.0094339622641509,4.4375,3.0,2.0,47.333333333333336,4.666666666666667,0.6666666666666666,1,False,False,False,False,True,True,False,False
A-02fac6,Company_52,US,2023-04-06,event,22,False,14,5,2400.909090909091,1,102.63636363636364,-0.118997716150227,4.454545454545454,6.0,2.0,23.33333333333333,4.0,0.3333333333333333,1,False,False,False,True,False,False,False,True
A-c1dfe1,Company_53,DE,2023-08-07,ads,26,False,14,3,3223.75,1,142.0,-0.0499999999999999,4.625,3.0,2.0,50.333333333333336,4.0,0.6666666666666666,1,False,True,False,False,False,False,False,True
A-32728c,Company_54,US,2023-01-03,event,20,False,21,5,562.25,1,191.75,-0.0090062111801242,4.875,2.0,0.0,34.5,3.5,0.0,1,False,True,False,False,False,False,False,True
A-4c38bc,Company_55,UK,2024-03-09,event,36,False,9,7,3003.75,2,138.375,0.0085742941327342,4.8125,3.0,2.0,48.333333333333336,3.6666666666666665,0.6666666666666666,0,False,False,False,False,True,True,False,False
A-1b707d,Company_56,US,2023-07-14,organic,1,False,13,12,1166.5,1,163.125,-0.0282258064516129,4.75,3.0,0.0,42.66666666666666,4.0,0.0,1,True,False,False,False,False,False,True,False
A-6f8ad2,Company_57,IN,2024-07-09,organic,1,False,5,9,1525.1764705882354,2,151.11764705882354,-0.0267209616466795,5.0,4.0,2.0,35.25,4.25,0.5,0,False,False,True,False,False,True,False,False
A-4d1e75,Company_58,US,2024-08-21,other,20,False,3,10,2414.6153846153848,3,178.92307692307693,-0.0041580041580041,3.8461538461538463,2.0,0.0,15.0,4.0,0.0,1,False,True,False,False,False,True,False,False
A-9ee962,Company_59,US,2023-02-28,ads,9,False,18,6,1046.6666666666667,3,168.125,0.0186567164179104,4.25,3.0,1.0,37.0,4.0,0.3333333333333333,1,False,False,False,False,True,True,False,False
A-378b99,Company_60,UK,2024-09-01,ads,8,True,3,9,1009.6666666666666,1,168.58333333333334,0.050965572864276,4.5,6.0,1.0,28.5,4.333333333333333,0.1666666666666666,1,False,False,True,False,False,False,False,True
A-94d3da,Company_61,US,2023-05-03,other,41,False,19,9,1889.4166666666667,1,219.83333333333331,0.0185185185185185,4.0,6.0,4.0,26.83333333333333,3.6666666666666665,0.6666666666666666,1,False,False,False,False,True,True,False,False
A-e351e1,Company_62,US,2024-09-26,other,33,False,3,9,699.6,0,74.6,0.1313131313131312,5.4,4.0,1.0,17.0,3.75,0.25,1,False,False,True,False,False,False,True,False
A-9badbd,Company_63,DE,2024-06-19,ads,5,True,6,9,2498.230769230769,0,148.23076923076923,0.0150988015394795,5.230769230769231,5.0,3.0,30.2,4.4,0.6,0,True,False,False,False,False,False,True,False
A-7e0a10,Company_64,US,2023-11-18,ads,46,False,13,7,4111.6,1,152.2,-0.0193965517241379,4.8,5.0,5.0,39.4,4.0,1.0,1,False,False,False,True,False,False,True,False
A-118d55,Company_65,US,2024-10-22,organic,8,False,2,11,1993.25,3,144.0,-0.0260872524993192,4.5,5.0,1.0,24.2,4.2,0.2,1,True,False,False,False,False,True,False,False
A-526d93,Company_66,FR,2024-04-14,organic,43,False,8,7,4355.666666666667,2,167.0,0.0303030303030303,5.666666666666667,5.0,3.0,51.4,3.8,0.6,1,False,False,False,False,True,True,False,False
A-f92792,Company_67,US,2024-07-04,ads,1,False,5,12,1343.357142857143,1,192.42857142857144,0.019290573372206,3.7142857142857135,2.0,0.0,45.0,4.0,0.0,1,False,False,False,True,False,False,False,True
A-84ebe4,Company_68,US,2023-03-12,ads,18,True,20,2,2544.909090909091,0,61.90909090909091,0.0691755408106909,3.636363636363636,4.0,1.0,29.5,4.0,0.25,1,False,False,False,True,False,False,False,True
A-5b4ebb,Company_69,UK,2024-07-10,other,21,True,5,10,2138.692307692308,1,121.6153846153846,-0.0106508875739645,4.923076923076923,5.0,0.0,35.4,4.6,0.0,0,True,False,False,False,False,True,False,False
A-2922b6,Company_70,US,2024-11-14,organic,15,False,0,12,1778.1666666666667,1,103.5,0.0255528255528255,6.0,2.0,2.0,15.5,4.0,1.0,1,False,False,False,False,True,True,False,False
A-9b9fe9,Company_71,AU,2023-09-28,other,5,False,14,6,1643.75,0,76.0,0.0085127516161998,4.818181818181818,4.0,2.0,33.5,4.0,0.5,1,False,False,True,False,False,True,False,False
A-a8b49c,Company_72,UK,2023-10-06,partner,7,False,14,3,963.9166666666666,1,166.41666666666666,-0.0208333333333333,4.25,1.0,0.0,72.0,4.0,0.0,1,True,False,False,False,False,True,False,False
A-9174e0,Company_73,US,2024-12-04,partner,37,False,0,12,3598.4,2,177.86666666666667,-0.0013451029844472,4.333333333333333,2.0,1.0,39.0,4.5,0.5,0,True,False,False,False,False,True,False,False
A-a1bbb6,Company_74,CA,2023-04-05,organic,1,False,20,6,1800.25,0,219.875,0.0949029126213591,4.5,3.0,3.0,17.666666666666668,4.0,1.0,0,False,True,False,False,False,True,False,False
A-c45b23,Company_75,UK,2023-12-08,partner,5,False,12,2,708.6666666666666,0,212.16666666666663,0.0169753086419753,4.666666666666667,3.0,3.0,36.66666666666666,3.6666666666666665,1.0,1,False,False,False,True,False,True,False,False
A-02cd81,Company_76,IN,2024-03-28,other,44,False,9,5,2354.0,0,161.57142857142858,-0.0168831168831168,4.785714285714286,3.0,2.0,17.333333333333332,4.333333333333333,0.6666666666666666,1,False,False,False,False,True,True,False,False
A-ee42db,Company_77,DE,2023-04-25,ads,13,False,20,5,963.9166666666666,1,144.5,0.0669300977339052,4.333333333333333,4.0,2.0,33.75,3.75,0.5,1,False,False,True,False,False,False,True,False
A-432483,Company_78,US,2023-02-06,ads,4,False,21,4,2868.1111111111118,1,91.33333333333331,0.0031746031746031,4.555555555555555,1.0,1.0,51.0,4.0,1.0,0,True,False,False,False,False,False,False,True
A-9208f0,Company_79,US,2023-05-11,organic,1,False,19,8,438.875,1,107.875,0.0289473684210526,6.375,8.0,1.0,41.25,3.75,0.125,1,False,False,True,False,False,False,False,True
A-98a59a,Company_80,UK,2023-08-04,partner,56,False,16,9,3645.6,2,137.8,0.0043478260869565,4.3,3.0,2.0,37.333333333333336,4.333333333333333,0.6666666666666666,1,False,False,False,True,False,False,True,False
A-fe79a5,Company_81,IN,2024-02-21,ads,9,True,10,5,1353.2,2,153.6,-0.023076923076923,3.3,4.0,2.0,28.5,4.5,0.5,0,False,False,False,False,True,True,False,False
A-726cfa,Company_82,US,2023-07-01,partner,11,False,17,8,1830.6315789473683,2,157.0,0.0135971106932994,4.894736842105263,3.0,2.0,35.666666666666664,4.0,0.6666666666666666,1,False,True,False,False,False,False,False,True
A-c43359,Company_83,US,2024-11-16,organic,38,False,1,12,1539.0,2,111.75,-0.0050121844134576,5.75,3.0,3.0,26.666666666666668,4.0,1.0,1,False,False,False,True,False,False,False,True
A-271f46,Company_84,US,2023-02-09,event,38,False,21,10,2450.5,0,173.5,0.0208333333333333,4.5,1.0,0.0,36.0,4.0,0.0,1,False,True,False,False,False,False,False,True
A-157070,Company_85,US,2023-11-09,ads,16,False,12,10,1719.125,2,132.0625,0.0100806451612903,4.375,3.0,1.0,42.333333333333336,3.6666666666666665,0.3333333333333333,1,False,False,False,True,False,False,False,True
A-40a557,Company_86,AU,2023-12-03,partner,16,True,11,2,2591.555555555556,1,136.22222222222223,-0.0434782608695652,4.333333333333333,7.0,4.0,30.571428571428573,3.857142857142857,0.5714285714285714,1,True,False,False,False,False,False,False,True
A-66224b,Company_87,US,2024-10-18,other,92,True,2,12,5466.833333333333,0,134.16666666666666,-0.0138888888888888,4.916666666666667,6.0,3.0,39.833333333333336,3.5,0.5,0,False,False,False,False,True,False,False,True
A-91e948,Company_88,AU,2023-01-29,partner,41,False,16,1,3127.714285714286,2,114.14285714285714,0.010465724751439,5.0,0.0,0.0,0.0,0.0,0.0,0,False,False,True,False,False,True,False,False
A-104f1a,Company_89,US,2024-08-17,other,24,False,4,12,1577.125,0,110.625,0.0444444444444444,5.25,5.0,1.0,33.2,3.8,0.2,1,True,False,False,False,False,False,False,True
A-7988d1,Company_90,US,2023-12-20,other,33,False,9,8,1188.0,0,160.22222222222223,-0.015378421900161,4.888888888888889,3.0,2.0,35.333333333333336,4.333333333333333,0.6666666666666666,1,True,False,False,False,False,True,False,False
A-faa28c,Company_91,US,2024-01-30,organic,48,False,11,7,4171.714285714285,3,149.78571428571428,0.0560908924195188,3.7857142857142856,4.0,2.0,52.25,4.5,0.5,1,False,False,False,False,True,False,True,False
A-f25509,Company_92,US,2024-03-22,other,32,False,7,10,3224.4,0,128.4,0.1074712643678161,4.0,6.0,4.0,42.66666666666666,4.333333333333333,0.6666666666666666,1,False,False,True,False,False,False,True,False
A-3a7284,Company_93,US,2024-11-17,organic,31,False,1,12,2959.9166666666665,1,140.33333333333334,0.0118950796034129,4.833333333333333,3.0,3.0,56.333333333333336,3.6666666666666665,1.0,1,False,False,False,True,False,False,True,False
A-3a5ad8,Company_94,US,2023-12-05,organic,9,True,12,12,2207.769230769231,1,178.46153846153845,-0.0407257987873258,3.923076923076923,4.0,4.0,44.75,4.25,1.0,0,False,False,False,False,True,False,True,False
A-65a46c,Company_95,US,2023-11-04,event,1,False,10,10,2834.375,2,94.0,-0.0123756596460094,4.375,8.0,6.0,45.125,4.0,0.75,0,False,False,False,False,True,False,False,True
A-8b25f2,Company_96,US,2024-02-17,ads,6,False,10,9,1080.6153846153843,1,207.3846153846154,0.0236436269044964,3.923076923076923,2.0,0.0,35.5,4.0,0.0,0,True,False,False,False,False,False,False,True
A-fabe19,Company_97,UK,2024-11-11,ads,1,False,1,11,2928.1428571428573,2,184.14285714285717,-0.0295597484276729,4.571428571428571,3.0,3.0,40.66666666666666,4.0,1.0,0,False,True,False,False,False,False,True,False
A-adc1f3,Company_98,US,2024-08-05,organic,2,False,4,9,2956.4444444444443,0,140.25,-0.0388513513513513,4.375,3.0,2.0,47.333333333333336,3.6666666666666665,0.6666666666666666,0,True,False,False,False,False,False,False,True
A-503d5a,Company_99,US,2023-10-21,other,4,False,14,12,1490.3333333333333,0,126.91666666666669,0.0360993208828522,4.833333333333333,9.0,4.0,36.55555555555556,4.0,0.4444444444444444,0,False,False,False,True,False,False,True,False
A-fd7ad3,Company_100,US,2024-11-01,event,1,False,1,11,383.1,2,99.9,0.0,5.1,8.0,4.0,48.75,4.125,0.5,1,True,False,False,False,False,False,True,False
A-186a44,Company_101,US,2023-08-07,ads,20,False,16,12,1499.2142857142858,1,151.14285714285714,0.0,4.071428571428571,7.0,5.0,38.285714285714285,3.7142857142857135,0.7142857142857143,0,False,False,False,False,True,False,True,False
A-e888d1,Company_102,US,2023-03-28,other,14,False,20,9,1240.5454545454545,1,106.7,0.0078200868898543,5.0,5.0,3.0,43.0,4.0,0.6,1,True,False,False,False,False,False,False,True
A-69fad4,Company_103,UK,2023-04-06,ads,6,False,17,9,1245.857142857143,0,192.42857142857144,-0.0366743471582181,4.857142857142857,4.0,1.0,43.0,3.75,0.25,1,False,False,False,True,False,True,False,False
A-9289f6,Company_104,US,2023-05-31,event,1,False,18,12,1091.3333333333333,2,111.08333333333331,0.0,5.416666666666667,6.0,3.0,37.5,4.166666666666667,0.5,1,False,False,True,False,False,False,True,False
A-f19409,Company_105,US,2023-03-16,other,23,False,20,8,2844.6666666666665,2,87.0,0.0022727272727272,4.916666666666667,3.0,1.0,6.333333333333333,4.0,0.3333333333333333,1,False,True,False,False,False,True,False,False
A-22f2df,Company_106,US,2024-12-14,ads,3,False,0,12,827.8888888888889,1,140.0,-0.0436927413671599,4.333333333333333,5.0,5.0,44.8,4.2,1.0,0,False,True,False,False,False,True,False,False
A-039727,Company_107,AU,2024-11-02,organic,25,False,1,12,2428.0,3,131.93333333333334,-0.0406421281963077,4.533333333333333,0.0,0.0,0.0,0.0,0.0,1,False,False,True,False,False,False,False,True
A-2e3bad,Company_108,CA,2023-08-13,other,61,False,16,12,4587.2,0,169.9,0.0,4.0,5.0,2.0,31.4,3.8,0.4,1,False,False,False,True,False,False,False,True
A-484819,Company_109,US,2023-02-21,organic,18,False,22,7,2575.5,3,182.8571428571429,-0.0519480519480519,4.571428571428571,5.0,3.0,33.2,4.2,0.6,1,False,False,False,False,True,False,False,True
A-425e76,Company_110,UK,2023-05-17,other,8,False,18,6,1555.5454545454545,1,146.7,-0.0638362068965517,4.7,5.0,3.0,48.2,3.6,0.6,1,False,True,False,False,False,False,True,False
A-e83938,Company_111,UK,2023-11-21,other,2,True,10,6,937.875,2,181.875,0.0035714285714285,3.875,4.0,0.0,31.0,3.75,0.0,1,False,True,False,False,False,False,False,True
A-ad296b,Company_112,AU,2024-07-15,event,38,False,5,11,3071.6666666666665,0,251.66666666666663,-0.0990338164251207,5.0,3.0,2.0,28.33333333333333,3.6666666666666665,0.6666666666666666,0,False,True,False,False,False,False,False,True
A-e51ec7,Company_113,CA,2023-09-23,partner,2,False,13,3,3009.5,2,164.5,0.0560344827586206,4.875,3.0,1.0,37.0,4.333333333333333,0.3333333333333333,1,False,False,False,True,False,False,True,False
A-0aaf6e,Company_114,US,2024-05-11,organic,3,False,6,8,2631.777777777778,0,115.22222222222224,0.0056702485028937,5.888888888888889,5.0,1.0,45.0,4.0,0.2,0,False,False,False,True,False,False,True,False
A-e61e98,Company_115,US,2023-10-20,partner,19,False,14,1,1498.2222222222222,2,85.88888888888889,-0.1069958847736625,6.0,6.0,2.0,30.33333333333333,4.5,0.3333333333333333,1,False,False,False,True,False,False,True,False
A-92a333,Company_116,US,2023-03-24,event,9,False,17,2,1776.5,0,57.0,0.0166666666666666,5.833333333333333,4.0,1.0,23.25,4.0,0.25,0,False,False,False,True,False,False,True,False
A-95b24a,Company_117,US,2023-06-06,event,38,False,17,6,2275.818181818182,4,119.1818181818182,0.0408523234125375,5.454545454545454,5.0,4.0,21.2,4.2,0.8,0,False,False,False,True,False,False,False,True
A-42e5e1,Company_118,US,2024-07-09,ads,1,False,5,8,1273.7142857142858,1,138.71428571428572,0.0026954177897574,5.142857142857143,3.0,2.0,29.0,4.0,0.6666666666666666,1,False,True,False,False,False,False,False,True
A-7d514c,Company_119,DE,2024-02-03,organic,17,False,10,11,2697.1111111111118,2,151.77777777777777,-0.0354938271604938,5.111111111111111,3.0,2.0,33.333333333333336,4.333333333333333,0.6666666666666666,0,False,False,False,False,True,False,True,False
A-65aeb5,Company_120,US,2024-01-25,partner,9,False,11,3,2866.0,0,173.25,-0.0166861140895452,4.0,2.0,1.0,42.5,4.5,0.5,1,False,True,False,False,False,False,False,True
A-e2cd1b,Company_121,US,2024-02-04,other,15,False,10,7,1394.2222222222222,1,117.22222222222224,-0.138047138047138,5.333333333333333,5.0,3.0,37.8,4.0,0.6,0,False,True,False,False,False,False,True,False
A-180abf,Company_122,US,2023-08-14,event,64,False,15,1,4145.777777777777,2,109.44444444444444,0.0032679738562091,5.222222222222222,3.0,0.0,36.333333333333336,3.6666666666666665,0.0,1,False,True,False,False,False,False,False,True
A-f17767,Company_123,US,2023-01-30,event,1,True,22,9,1152.7857142857142,3,148.91666666666666,-0.0060712353582826,5.5,3.0,2.0,36.333333333333336,4.0,0.6666666666666666,1,False,True,False,False,False,False,True,False
A-5a184f,Company_124,DE,2023-06-19,other,1,False,16,8,2068.3,0,99.2,-0.04031398934679,5.2,3.0,1.0,15.333333333333334,4.333333333333333,0.3333333333333333,1,False,True,False,False,False,False,True,False
A-7df7a7,Company_125,US,2023-01-28,organic,7,False,23,5,1943.6666666666667,0,100.26666666666668,0.0126845270639693,5.4,3.0,3.0,28.0,4.0,1.0,1,False,True,False,False,False,True,False,False
A-1ac5e0,Company_126,US,2024-10-20,event,33,False,2,11,1824.9,0,105.1,-0.0351851851851851,5.2,7.0,4.0,40.42857142857143,3.857142857142857,0.5714285714285714,0,False,True,False,False,False,True,False,False
A-52dd88,Company_127,US,2023-02-21,ads,23,False,21,9,1508.3636363636365,1,114.36363636363636,0.0,4.363636363636363,1.0,0.0,72.0,4.0,0.0,0,True,False,False,False,False,False,False,True
A-bece89,Company_128,IN,2023-12-01,event,26,False,11,3,3208.333333333333,1,159.16666666666666,0.0054347826086956,3.1666666666666665,4.0,2.0,32.5,4.0,0.5,1,True,False,False,False,False,False,False,True
A-029f69,Company_129,CA,2024-03-07,event,3,False,7,5,914.875,2,212.125,0.0193106312292358,5.0,2.0,1.0,42.0,3.5,0.5,1,True,False,False,False,False,True,False,False
A-5c046d,Company_130,FR,2024-07-06,partner,93,False,5,8,9789.25,0,131.875,0.0060255755480474,5.625,1.0,0.0,13.0,3.0,0.0,0,False,False,True,False,False,True,False,False
A-fb186e,Company_131,IN,2024-10-27,organic,29,False,1,12,1923.6666666666667,0,265.3333333333333,0.0,5.333333333333333,6.0,2.0,26.166666666666668,3.8333333333333335,0.3333333333333333,0,False,False,True,False,False,True,False,False
A-ae052e,Company_132,CA,2023-09-11,other,39,False,11,11,1282.1666666666667,1,176.83333333333334,-0.1018518518518518,4.666666666666667,4.0,2.0,31.25,4.0,0.5,1,False,False,False,True,False,True,False,False
A-9f9299,Company_133,US,2023-09-02,organic,28,True,13,6,2826.866666666667,0,113.26666666666668,-0.0071966780142692,5.2,5.0,2.0,36.2,4.2,0.4,1,False,False,False,True,False,False,True,False
A-96e141,Company_134,UK,2023-08-12,partner,14,False,14,8,2209.714285714286,0,112.71428571428572,0.0158730158730158,5.0,5.0,3.0,32.8,4.2,0.6,1,False,True,False,False,False,True,False,False
A-117171,Company_135,FR,2024-09-12,organic,45,False,3,11,2403.0,0,170.6,-0.0193548387096774,3.8,6.0,2.0,32.5,3.8333333333333335,0.3333333333333333,1,False,False,False,False,True,True,False,False
A-313be3,Company_136,US,2023-11-15,partner,47,True,13,8,1727.8181818181818,1,127.8181818181818,-0.0117302052785923,4.909090909090909,4.0,3.0,22.5,4.25,0.75,1,False,False,True,False,False,False,True,False
A-671f31,Company_137,US,2024-11-24,ads,59,False,1,12,5064.166666666667,0,98.0,0.0153846153846153,3.4,7.0,5.0,33.0,4.142857142857143,0.7142857142857143,0,False,True,False,False,False,True,False,False
A-bbc346,Company_138,US,2024-08-29,partner,19,False,4,9,2547.846153846154,3,136.3846153846154,0.0020931449502878,4.538461538461538,3.0,1.0,45.333333333333336,4.333333333333333,0.3333333333333333,1,False,False,False,True,False,False,True,False
A-c16101,Company_139,IN,2024-09-06,other,7,False,3,10,1242.2,1,122.5,0.0125996810207336,5.3,4.0,4.0,28.0,4.25,1.0,1,False,False,True,False,False,True,False,False
A-50f3f7,Company_140,US,2023-12-22,partner,31,False,12,5,2938.4666666666667,0,123.33333333333331,0.0362745098039215,4.533333333333333,6.0,2.0,37.833333333333336,4.5,0.3333333333333333,0,False,False,False,False,True,True,False,False
A-7da956,Company_141,US,2024-06-02,event,13,True,6,11,913.5833333333334,1,195.5,0.0222826086956521,3.9166666666666665,3.0,1.0,32.666666666666664,4.333333333333333,0.3333333333333333,0,True,False,False,False,False,False,False,True
A-019782,Company_142,FR,2023-04-19,event,11,False,19,12,928.1111111111112,1,97.11111111111111,0.0214860469097757,5.555555555555555,2.0,2.0,10.0,3.5,1.0,0,False,True,False,False,False,False,True,False
A-df10db,Company_143,US,2023-06-06,other,2,True,16,7,1066.3636363636365,2,107.9090909090909,0.0110247569900126,5.181818181818182,2.0,0.0,68.5,3.0,0.0,1,False,True,False,False,False,False,True,False
A-3932db,Company_144,CA,2023-10-04,other,19,True,12,10,1565.2222222222222,2,62.66666666666666,0.0976410769359006,4.888888888888889,6.0,3.0,41.0,4.166666666666667,0.5,0,False,False,False,False,True,False,False,True
A-4f18f0,Company_145,CA,2024-04-21,other,24,True,8,4,2522.0,0,204.66666666666663,0.0097222222222222,4.583333333333333,5.0,2.0,39.2,4.0,0.4,1,False,True,False,False,False,False,False,True
A-4c6f11,Company_146,CA,2023-11-27,organic,24,True,9,8,1517.2,0,91.8,-0.0035714285714285,4.6,3.0,3.0,44.66666666666666,4.333333333333333,1.0,1,False,False,False,True,False,False,False,True
A-8ae05d,Company_147,IN,2024-04-06,other,86,False,7,7,3747.142857142857,0,206.0,0.0368663594470046,2.7142857142857144,1.0,1.0,47.0,4.0,1.0,1,False,False,False,True,False,False,True,False
A-b78bf8,Company_148,US,2024-11-15,event,33,False,1,12,2802.875,1,134.375,0.0364130434782608,4.875,5.0,3.0,24.2,4.2,0.6,1,False,True,False,False,False,False,False,True
A-eafc6e,Company_149,US,2023-07-06,partner,27,False,17,9,2318.428571428572,0,179.85714285714286,0.0,4.285714285714286,1.0,0.0,64.0,4.0,0.0,1,False,True,False,False,False,False,False,True
A-37f969,Company_150,IN,2023-10-14,partner,30,False,14,10,2869.875,2,227.625,0.0430057230904688,3.875,5.0,2.0,22.2,3.8,0.4,1,False,False,False,False,True,False,True,False
A-10b8f2,Company_151,DE,2023-01-11,organic,47,True,23,6,2559.9166666666665,1,141.16666666666666,-0.0354030501089324,4.416666666666667,3.0,1.0,46.333333333333336,4.333333333333333,0.3333333333333333,1,False,False,False,False,True,True,False,False
A-439b2f,Company_152,US,2024-02-21,ads,1,False,9,4,299.3333333333333,1,235.5,0.0571095571095571,2.833333333333333,3.0,2.0,18.33333333333333,4.0,0.6666666666666666,1,False,True,False,False,False,False,True,False
A-544d0a,Company_153,US,2024-05-02,organic,2,True,7,7,1849.2,1,114.55555555555556,-0.0267462584535755,4.666666666666667,2.0,1.0,38.5,4.0,0.5,0,False,True,False,False,False,True,False,False
A-ba6516,Company_154,US,2023-10-29,ads,27,False,11,1,2183.0,1,151.0,0.0143229166666666,4.75,6.0,1.0,31.5,4.0,0.1666666666666666,1,False,False,False,True,False,False,False,True
A-712426,Company_155,US,2024-11-10,other,9,False,1,11,746.4666666666667,2,145.0,0.010204081632653,4.5,6.0,2.0,37.333333333333336,4.333333333333333,0.3333333333333333,1,False,False,False,False,True,False,True,False
A-038089,Company_156,FR,2023-12-19,other,5,False,6,6,701.3333333333334,0,86.33333333333333,0.0,6.0,6.0,2.0,30.166666666666668,3.8333333333333335,0.3333333333333333,1,False,True,False,False,False,False,False,True
A-afa505,Company_157,US,2023-12-27,partner,70,True,11,6,7334.444444444444,2,87.33333333333333,-0.0547281515517476,5.555555555555555,4.0,2.0,37.25,3.5,0.5,1,False,True,False,False,False,True,False,False
A-d5a319,Company_158,US,2023-05-04,other,15,False,18,7,3153.9166666666665,3,121.33333333333331,-0.0352444321163613,4.583333333333333,1.0,0.0,17.0,4.0,0.0,0,False,False,False,True,False,False,True,False
A-f97b9a,Company_159,US,2023-07-09,event,16,False,15,11,2166.6363636363635,1,97.27272727272728,-0.0226783968719452,4.636363636363637,7.0,3.0,31.714285714285715,3.857142857142857,0.4285714285714285,0,False,False,False,True,False,False,False,True
A-2f6a32,Company_160,US,2024-08-26,organic,19,False,3,11,683.0,1,120.27272727272728,-0.0238081512653484,5.818181818181818,2.0,0.0,41.0,3.5,0.0,0,False,False,False,False,True,True,False,False
A-856b1e,Company_161,US,2023-10-31,partner,19,False,14,12,1053.5,1,176.16666666666666,-0.0303030303030302,3.6666666666666665,5.0,0.0,36.0,4.0,0.0,0,False,False,False,True,False,True,False,False
A-17939a,Company_162,US,2024-12-26,organic,1,False,0,12,879.0,0,212.0909090909091,0.0465116279069767,4.181818181818182,7.0,5.0,38.0,4.285714285714286,0.7142857142857143,0,False,False,False,False,True,True,False,False
A-d27f50,Company_163,UK,2024-07-20,ads,44,False,5,8,3734.5833333333335,1,199.83333333333331,-0.0760752688172043,4.083333333333333,4.0,2.0,37.5,3.75,0.5,0,True,False,False,False,False,False,True,False
A-e36807,Company_164,AU,2024-05-17,other,6,False,7,9,1256.9,0,155.2,-0.0009589451603236,4.7,2.0,1.0,41.0,4.5,0.5,0,False,False,True,False,False,False,False,True
A-ff79f2,Company_165,US,2024-04-25,ads,8,False,7,12,3097.0,2,129.55555555555554,0.0,4.333333333333333,2.0,0.0,50.0,4.0,0.0,0,False,True,False,False,False,True,False,False
A-5b1bcd,Company_166,US,2023-09-16,organic,73,False,15,3,8886.533333333333,3,80.4,-0.0197484276729559,5.266666666666667,4.0,3.0,43.25,4.25,0.75,1,False,True,False,False,False,False,False,True
A-71615e,Company_167,US,2024-05-18,organic,15,False,6,10,3131.769230769231,3,131.84615384615384,-0.0182511505588428,4.615384615384615,1.0,0.0,49.0,4.0,0.0,1,False,False,True,False,False,True,False,False
A-794a0b,Company_168,DE,2023-06-02,organic,23,False,17,6,1510.7142857142858,0,76.85714285714286,-0.0493506493506493,5.285714285714286,0.0,0.0,0.0,0.0,0.0,1,False,False,False,False,True,True,False,False
A-86902e,Company_169,IN,2023-05-02,other,34,False,17,7,3604.1,2,70.2,0.0103785103785103,6.1,9.0,4.0,40.888888888888886,3.7777777777777777,0.4444444444444444,1,False,False,False,False,True,False,True,False
A-0532a9,Company_170,IN,2024-09-25,event,19,False,3,11,1516.1,4,107.4,-0.0512285012285012,5.2,8.0,1.0,30.75,3.875,0.125,1,False,False,False,True,False,False,False,True
A-9779ad,Company_171,AU,2024-03-29,event,40,True,8,8,5168.0,0,169.0,0.0025641025641025,4.1,3.0,2.0,20.666666666666668,4.333333333333333,0.6666666666666666,1,True,False,False,False,False,False,False,True
A-f45426,Company_172,US,2024-08-05,organic,9,False,4,11,1571.7272727272727,0,72.54545454545455,-0.029367983223536,5.2727272727272725,3.0,2.0,17.0,4.0,0.6666666666666666,1,False,False,False,False,True,True,False,False
A-c1e51e,Company_173,US,2024-10-02,organic,3,False,2,11,2390.5,1,149.2,-0.0729166666666666,4.7,5.0,5.0,40.0,3.2,1.0,1,False,False,False,True,False,True,False,False
A-fa3095,Company_174,US,2023-09-03,ads,70,False,15,7,5769.166666666667,0,193.33333333333331,-0.0215976486642523,4.666666666666667,5.0,3.0,49.2,4.4,0.6,1,False,False,False,True,False,True,False,False
A-ad64c6,Company_175,UK,2024-02-23,event,12,False,9,6,2451.333333333333,0,182.0,0.0,3.4,4.0,2.0,34.0,4.25,0.5,1,False,True,False,False,False,False,False,True
A-39b19f,Company_176,US,2023-02-03,partner,1,False,22,2,1930.636363636364,1,198.54545454545453,0.0,4.636363636363637,6.0,3.0,47.833333333333336,4.166666666666667,0.5,1,False,False,False,True,False,False,True,False
A-56962b,Company_177,UK,2024-04-09,partner,163,False,7,8,5611.714285714285,1,144.28571428571428,0.0,4.0,4.0,1.0,37.5,3.75,0.25,1,False,False,True,False,False,False,True,False
A-e60f9d,Company_178,US,2024-08-26,other,29,False,3,11,3387.8,0,183.66666666666663,0.0,3.8,2.0,2.0,70.5,4.0,1.0,0,False,False,False,True,False,True,False,False
A-88c6ca,Company_179,DE,2024-10-25,ads,5,False,2,12,921.2857142857144,0,96.14285714285714,-0.0448486859636685,5.571428571428571,1.0,1.0,56.0,4.0,1.0,0,False,False,False,True,False,True,False,False
A-158f4e,Company_180,IN,2023-03-03,other,61,False,19,2,3654.9166666666665,0,248.33333333333331,0.0,4.0,5.0,3.0,27.6,4.2,0.6,1,False,False,False,True,False,False,True,False
A-5b051a,Company_181,US,2024-08-05,event,22,False,3,9,583.0,0,225.25,0.0943049601959583,3.75,1.0,1.0,2.0,3.0,1.0,0,True,False,False,False,False,False,True,False
A-296d7c,Company_182,DE,2023-11-08,other,2,False,11,8,284.1428571428572,0,238.42857142857144,0.0,4.428571428571429,5.0,2.0,50.4,3.8,0.4,1,False,True,False,False,False,False,True,False
A-1619f8,Company_183,US,2024-05-20,organic,29,False,6,11,2827.1428571428573,1,76.28571428571429,-0.02145501246506,5.428571428571429,3.0,1.0,42.0,4.333333333333333,0.3333333333333333,1,False,True,False,False,False,False,False,True
A-a1b80b,Company_184,US,2023-11-27,organic,16,False,9,8,2161.8125,3,98.25,0.0449113413091136,4.125,4.0,1.0,41.0,4.0,0.25,1,False,False,False,False,True,True,False,False
A-139c3b,Company_185,US,2024-11-21,organic,10,True,1,12,1128.375,1,73.5,-0.0260695187165775,4.875,9.0,4.0,28.444444444444443,4.222222222222222,0.4444444444444444,0,False,False,False,False,True,False,True,False
A-702032,Company_186,US,2023-10-03,ads,28,False,8,11,1423.3333333333333,1,140.33333333333334,-0.0333333333333333,4.0,4.0,1.0,26.0,3.5,0.25,1,False,False,False,False,True,False,False,True
A-7a0d69,Company_187,DE,2024-06-15,ads,4,True,5,9,942.0,2,85.27272727272727,-0.0065876725419835,5.181818181818182,2.0,2.0,29.0,4.5,1.0,1,False,True,False,False,False,False,True,False
A-22d9d2,Company_188,FR,2024-03-22,event,8,False,9,6,1339.0,2,125.07142857142856,-0.0183274669255977,4.928571428571429,6.0,4.0,16.0,4.0,0.6666666666666666,1,False,True,False,False,False,False,False,True
A-b9eed8,Company_189,US,2024-02-23,organic,11,False,9,8,1507.0,0,115.8181818181818,0.0050190088708063,5.2727272727272725,5.0,2.0,29.2,3.8,0.4,1,True,False,False,False,False,True,False,False
A-dfbd31,Company_190,UK,2023-12-04,partner,14,False,12,11,1791.357142857143,1,144.64285714285714,0.0031055900621117,3.7142857142857135,6.0,3.0,29.666666666666668,4.166666666666667,0.5,1,False,True,False,False,False,False,True,False
A-8e47ca,Company_191,US,2024-02-15,organic,19,False,10,3,3124.4444444444443,1,192.33333333333331,-0.037037037037037,4.666666666666667,5.0,3.0,33.4,4.0,0.6,1,False,False,False,False,True,False,False,True
A-4437e4,Company_192,US,2023-09-16,event,3,False,13,2,1114.4375,4,178.125,0.0155605349267321,4.875,6.0,3.0,34.666666666666664,3.6666666666666665,0.5,1,True,False,False,False,False,False,True,False
A-779e4e,Company_193,US,2023-01-02,organic,5,False,24,11,2808.1,2,181.9,0.0043478260869565,4.2,5.0,4.0,26.6,4.0,0.8,0,False,False,False,False,True,True,False,False
A-53f4e3,Company_194,UK,2024-06-14,event,13,False,6,9,1507.2,0,148.1,-0.055910531220876,4.2,5.0,5.0,28.6,4.0,1.0,1,True,False,False,False,False,False,True,False
A-692f18,Company_195,US,2024-03-28,other,5,True,9,9,1797.0588235294117,2,102.29411764705884,-0.0130932124354303,4.823529411764706,2.0,1.0,37.5,4.5,0.5,1,False,False,True,False,False,True,False,False
A-13466a,Company_196,AU,2023-10-22,event,2,False,13,11,2223.833333333333,0,135.33333333333334,0.0526315789473684,3.5,3.0,2.0,32.333333333333336,4.333333333333333,0.6666666666666666,1,False,True,False,False,False,True,False,False
A-1986ca,Company_197,IN,2023-01-30,ads,20,False,18,1,3951.571428571429,1,168.28571428571428,0.0,4.857142857142857,7.0,5.0,36.57142857142857,3.571428571428572,0.7142857142857143,0,False,False,False,False,True,False,False,True
A-0cc442,Company_198,US,2024-07-18,organic,45,False,5,9,4764.2307692307695,3,133.0,0.0334217506631299,5.6923076923076925,3.0,1.0,37.0,3.6666666666666665,0.3333333333333333,1,False,False,True,False,False,True,False,False
A-c608c8,Company_199,DE,2023-04-27,ads,3,False,18,3,1189.25,1,118.125,-0.0091911764705882,5.375,2.0,0.0,59.0,3.5,0.0,1,False,True,False,False,False,False,False,True
A-3be56b,Company_200,IN,2023-10-26,event,3,False,13,8,1420.0,1,117.83333333333331,0.0684491978609625,4.25,4.0,0.0,40.25,3.5,0.0,1,False,False,False,False,True,False,False,True
A-354f12,Company_201,US,2024-04-28,ads,1,True,7,8,2222.25,0,41.0,-0.1690573770491803,3.75,2.0,0.0,56.5,4.0,0.0,1,False,False,False,True,False,False,False,True
A-68f37c,Company_202,US,2023-07-15,ads,4,False,17,8,2108.75,3,216.25,-0.0385057471264367,4.916666666666667,5.0,2.0,20.2,4.0,0.4,1,False,False,False,False,True,True,False,False
A-aa9511,Company_203,US,2023-10-10,other,23,True,14,2,3918.733333333333,0,126.0,0.00741042685731,4.066666666666666,2.0,2.0,56.5,4.0,1.0,1,False,True,False,False,False,False,False,True
A-af0cd2,Company_204,IN,2023-01-03,other,19,True,23,5,587.2727272727273,1,77.36363636363636,0.0031685496358318,5.545454545454546,3.0,1.0,54.333333333333336,4.0,0.3333333333333333,1,True,False,False,False,False,False,True,False
A-bd4513,Company_205,AU,2024-11-06,event,50,True,1,12,4350.333333333333,2,114.58333333333331,0.0,4.083333333333333,3.0,1.0,42.0,4.666666666666667,0.3333333333333333,1,False,True,False,False,False,False,True,False
A-c222ab,Company_206,US,2024-05-10,other,32,False,4,8,2665.1428571428573,1,74.0,0.0034013605442176,6.0,4.0,2.0,39.0,4.25,0.5,1,True,False,False,False,False,False,False,True
A-34d880,Company_207,AU,2024-04-11,ads,4,False,8,7,2329.333333333333,0,127.33333333333331,0.0493827160493827,4.888888888888889,5.0,1.0,52.2,3.0,0.2,1,True,False,False,False,False,False,True,False
A-508199,Company_208,AU,2024-01-28,event,19,False,11,4,1687.2,0,189.0,0.0,4.2,3.0,1.0,50.66666666666666,3.6666666666666665,0.3333333333333333,0,False,False,False,True,False,True,False,False
A-f03140,Company_209,IN,2023-11-22,event,27,True,12,2,2107.5,1,124.2,-0.0047065044949762,5.5,7.0,3.0,36.0,3.857142857142857,0.4285714285714285,1,False,True,False,False,False,False,False,True
A-410e86,Company_210,US,2024-11-10,organic,24,False,1,12,2280.0,0,128.85714285714286,0.0142857142857143,3.857142857142857,5.0,1.0,42.6,3.8,0.2,0,False,False,False,True,False,True,False,False
A-fa2041,Company_211,US,2024-05-29,organic,15,True,6,8,1742.9166666666667,0,103.5,0.0936690658912881,4.583333333333333,1.0,0.0,16.0,3.0,0.0,1,False,False,False,False,True,False,False,True
A-de58ca,Company_212,DE,2023-04-13,organic,15,False,20,7,2173.181818181818,0,220.0909090909091,0.0259740259740259,4.2727272727272725,5.0,1.0,30.6,3.6,0.2,0,False,False,False,False,True,False,True,False
A-05d3b3,Company_213,AU,2023-05-28,ads,9,True,17,8,970.0,0,144.92307692307693,-0.0609467455621301,4.6923076923076925,6.0,3.0,31.5,4.166666666666667,0.5,1,False,True,False,False,False,True,False,False
A-249769,Company_214,US,2024-04-25,event,4,False,6,9,1209.0,0,100.15384615384616,0.0240835376240481,5.0,2.0,1.0,39.5,4.0,0.5,1,True,False,False,False,False,False,True,False
A-e43bf7,Company_215,AU,2023-03-24,other,44,False,19,1,6666.571428571428,3,163.42857142857142,-0.0038610038610038,5.571428571428571,5.0,2.0,27.4,4.0,0.4,1,True,False,False,False,False,False,False,True
A-eb2fdc,Company_216,AU,2023-11-21,organic,31,False,10,2,2664.0,0,164.0,0.0,4.333333333333333,5.0,0.0,33.6,4.4,0.0,1,False,True,False,False,False,False,True,False
A-e1462e,Company_217,UK,2023-03-12,partner,15,False,21,7,1718.571428571429,1,134.14285714285714,0.0,4.857142857142857,2.0,2.0,39.5,3.5,1.0,1,False,False,False,True,False,True,False,False
A-cab532,Company_218,FR,2023-04-03,organic,11,True,20,11,1339.2,2,134.86666666666667,-0.0294456033004218,6.066666666666666,1.0,0.0,32.0,4.0,0.0,1,False,True,False,False,False,False,False,True
A-9123ac,Company_219,DE,2023-06-20,organic,9,False,14,6,2107.285714285714,0,134.14285714285714,0.102788720713249,5.142857142857143,6.0,3.0,38.833333333333336,4.166666666666667,0.5,1,True,False,False,False,False,False,False,True
A-6e08f3,Company_220,US,2023-02-27,event,8,False,17,12,1819.0,1,143.7,-0.0529787234042553,4.3,2.0,1.0,36.5,3.5,0.5,1,True,False,False,False,False,True,False,False
A-d922bf,Company_221,US,2023-09-08,ads,5,True,14,8,2444.8571428571427,0,178.14285714285714,-0.1274568804689286,5.142857142857143,7.0,2.0,39.142857142857146,3.7142857142857135,0.2857142857142857,1,False,False,False,False,True,True,False,False
A-8ed5dd,Company_222,UK,2023-06-29,event,5,False,17,11,996.3333333333334,3,161.36363636363637,0.0067073901065995,4.636363636363637,6.0,4.0,29.0,3.8333333333333335,0.6666666666666666,1,False,False,True,False,False,False,True,False
A-7c6b6b,Company_223,US,2024-11-30,other,6,False,0,12,688.2857142857143,0,159.0,-0.0138248847926267,5.0,5.0,2.0,52.2,4.2,0.4,1,False,False,False,True,False,True,False,False
A-3c1a3f,Company_224,UK,2023-08-26,event,1,False,16,12,1242.4166666666667,0,198.58333333333331,-0.0015151515151515,4.0,4.0,1.0,33.25,3.75,0.25,0,False,True,False,False,False,False,False,True
A-b48f73,Company_225,AU,2024-11-13,event,80,True,1,11,4045.714285714286,0,200.42857142857144,0.0,5.571428571428571,3.0,2.0,28.666666666666668,4.0,0.6666666666666666,0,False,False,True,False,False,False,False,True
A-76fa4d,Company_226,US,2024-11-24,event,69,False,1,12,8812.285714285714,0,122.28571428571428,-0.0039682539682539,4.857142857142857,5.0,3.0,33.4,4.4,0.6,1,False,False,False,False,True,False,False,True
A-b2af2e,Company_227,UK,2024-08-24,event,5,False,4,12,778.0,0,219.5,0.0,4.0,2.0,0.0,39.5,4.0,0.0,1,True,False,False,False,False,False,True,False
A-9bfc9f,Company_228,CA,2023-09-14,ads,53,False,15,3,1704.6666666666667,3,215.44444444444449,-0.0462962962962963,3.555555555555556,6.0,3.0,35.333333333333336,3.6666666666666665,0.5,0,False,True,False,False,False,False,False,True
A-4ae22a,Company_229,US,2024-05-09,other,6,False,7,9,1347.428571428571,0,175.14285714285714,-0.0064935064935064,4.714285714285714,3.0,1.0,14.333333333333334,3.6666666666666665,0.3333333333333333,1,False,False,True,False,False,False,False,True
A-fda07f,Company_230,FR,2024-08-11,partner,7,False,4,11,2368.1666666666665,4,152.5,0.0782783326700047,5.083333333333333,5.0,3.0,17.8,4.0,0.6,1,True,False,False,False,False,True,False,False
A-de24d5,Company_231,US,2024-11-05,other,5,True,1,12,1640.5384615384614,0,197.84615384615384,0.0,3.769230769230769,7.0,3.0,43.142857142857146,3.7142857142857135,0.4285714285714285,0,False,True,False,False,False,False,True,False
A-977ca0,Company_232,IN,2023-02-20,partner,6,False,22,4,1816.25,1,125.125,0.0122566831965344,4.75,3.0,2.0,64.0,4.0,0.6666666666666666,0,False,False,False,False,True,True,False,False
A-ab438f,Company_233,US,2024-09-13,ads,13,False,2,10,2044.75,1,179.625,-0.0375,4.375,2.0,2.0,33.5,3.5,1.0,1,True,False,False,False,False,False,True,False
A-e89151,Company_234,UK,2023-09-14,organic,8,True,13,4,2414.8888888888887,3,118.88888888888889,0.0183930115624104,5.888888888888889,2.0,0.0,41.5,4.5,0.0,0,False,False,False,True,False,False,False,True
A-40906c,Company_235,US,2024-03-27,ads,92,False,7,6,5167.666666666667,0,144.25,-0.0211045041101221,5.083333333333333,5.0,1.0,29.2,3.8,0.2,0,False,False,True,False,False,True,False,False
A-81edc3,Company_236,IN,2023-10-30,ads,5,False,14,1,1460.3333333333333,2,93.58333333333331,0.1041672689901599,5.833333333333333,3.0,3.0,52.66666666666666,4.0,1.0,1,True,False,False,False,False,True,False,False
A-328bd0,Company_237,AU,2023-05-16,partner,18,False,16,2,1229.1538461538462,1,188.15384615384616,-0.0039190369379048,4.384615384615385,5.0,2.0,46.0,3.8,0.4,0,False,False,False,False,True,False,True,False
A-b3fe05,Company_238,CA,2024-05-28,partner,8,False,6,11,2721.555555555556,0,138.88888888888889,-0.0222222222222222,4.555555555555555,4.0,4.0,48.25,3.5,1.0,0,True,False,False,False,False,False,False,True
A-09540c,Company_239,CA,2023-10-30,event,67,True,8,11,3953.0,1,150.5,0.0507246376811594,4.166666666666667,2.0,1.0,28.0,4.5,0.5,1,True,False,False,False,False,True,False,False
A-e693b6,Company_240,AU,2023-05-25,event,55,False,17,9,2846.25,1,146.41666666666666,-0.0367083039582542,4.75,1.0,1.0,1.0,3.0,1.0,1,False,False,False,True,False,False,True,False
A-2446e3,Company_241,IN,2024-01-10,organic,27,False,11,7,3448.285714285714,1,83.57142857142857,0.0812324929971989,6.428571428571429,3.0,1.0,28.666666666666668,4.0,0.3333333333333333,1,False,False,True,False,False,False,False,True
A-241e75,Company_242,US,2024-07-03,partner,3,False,5,8,718.8,0,98.8,-0.0472727272727272,5.0,4.0,1.0,31.5,4.25,0.25,1,False,False,True,False,False,False,True,False
A-922109,Company_243,US,2024-01-26,ads,3,False,9,7,1086.0,0,136.07692307692307,0.0194060289337837,5.6923076923076925,3.0,1.0,25.33333333333333,3.6666666666666665,0.3333333333333333,1,True,False,False,False,False,False,False,True
A-ff3c73,Company_244,AU,2023-01-26,other,21,False,21,4,481.6666666666667,1,97.77777777777776,0.0691524430444656,4.444444444444445,2.0,1.0,35.5,3.5,0.5,1,False,False,False,False,True,False,False,True
A-8b0451,Company_245,UK,2024-09-16,event,41,False,3,10,3170.9,0,142.9,-0.0691562313655337,5.7,7.0,5.0,26.571428571428573,3.7142857142857135,0.7142857142857143,1,False,False,False,True,False,False,True,False
A-331424,Company_246,US,2023-11-06,organic,11,False,12,5,1129.3333333333333,0,220.0,-0.0211640211640211,3.333333333333333,2.0,0.0,24.5,4.0,0.0,1,False,True,False,False,False,True,False,False
A-51ec1b,Company_247,US,2023-11-08,ads,7,False,10,11,1847.8333333333333,3,125.0,0.0,4.666666666666667,3.0,1.0,52.333333333333336,4.666666666666667,0.3333333333333333,1,False,True,False,False,False,False,True,False
A-bcf664,Company_248,US,2023-05-19,other,5,False,18,10,1056.0,0,137.07692307692307,-0.004524886877828,4.076923076923077,5.0,4.0,36.0,4.0,0.8,1,False,True,False,False,False,False,False,True
A-90a8c8,Company_249,AU,2024-08-24,organic,15,False,4,9,3787.714285714286,2,83.0,-0.0510010822510822,5.571428571428571,4.0,2.0,45.0,3.25,0.5,1,False,False,False,True,False,False,False,True
A-86cdb4,Company_250,DE,2024-09-22,partner,2,False,2,10,394.55555555555554,0,54.11111111111112,0.0572811617587737,5.0,5.0,4.0,26.4,4.2,0.8,0,False,True,False,False,False,True,False,False
A-4bfa33,Company_251,US,2024-12-07,event,8,True,0,12,800.8571428571429,0,82.57142857142857,0.1187432867883995,4.857142857142857,4.0,3.0,16.5,3.75,0.75,1,True,False,False,False,False,True,False,False
A-dbc825,Company_252,FR,2024-01-07,partner,19,False,11,4,2650.25,2,149.75,0.0353320592451027,4.1875,6.0,3.0,49.5,4.0,0.5,1,False,False,True,False,False,False,True,False
A-c70870,Company_253,US,2024-10-22,partner,31,False,1,12,3271.1428571428573,2,96.28571428571428,-0.1297577276524645,4.571428571428571,5.0,1.0,35.6,4.0,0.2,1,True,False,False,False,False,True,False,False
A-7c4956,Company_254,US,2023-05-06,ads,5,False,19,8,426.125,0,77.625,0.059931506849315,5.25,3.0,2.0,13.666666666666666,4.0,0.6666666666666666,0,False,True,False,False,False,False,True,False
A-0651a4,Company_255,FR,2024-10-16,organic,16,False,2,12,2970.9333333333334,0,125.2,0.0022510822510822,4.533333333333333,4.0,4.0,29.25,4.0,1.0,1,False,False,False,False,True,False,False,True
A-3ce5b8,Company_256,IN,2023-09-07,ads,8,False,12,9,1850.0,0,87.22222222222223,-0.022633744855967,4.666666666666667,10.0,6.0,42.5,3.8,0.6,1,False,False,False,True,False,True,False,False
A-bd4708,Company_257,US,2024-07-21,ads,37,True,5,12,2998.076923076923,1,105.07692307692308,-0.0574505001020616,4.769230769230769,4.0,2.0,24.0,3.75,0.5,0,False,False,False,True,False,False,False,True
A-993085,Company_258,US,2023-06-01,ads,31,True,17,9,3230.4,2,158.33333333333334,-0.0487460100319197,4.533333333333333,4.0,1.0,46.5,3.75,0.25,1,False,False,False,False,True,True,False,False
A-92a3af,Company_259,IN,2024-07-07,organic,25,False,5,9,3139.818181818182,0,83.0909090909091,0.007451564828614,5.727272727272728,4.0,1.0,57.5,4.0,0.25,0,True,False,False,False,False,False,True,False
A-151c9a,Company_260,US,2023-01-27,ads,23,False,20,5,2850.0,0,61.8,0.0244524093986459,6.8,2.0,1.0,31.0,3.5,0.5,1,False,False,False,True,False,False,True,False
A-474ad4,Company_261,US,2023-11-28,organic,8,False,13,12,808.3333333333334,1,157.13333333333333,0.0148148148148148,4.0,3.0,1.0,33.0,4.333333333333333,0.3333333333333333,0,False,False,True,False,False,True,False,False
A-4ef964,Company_262,US,2024-03-07,organic,17,False,9,4,1586.5555555555557,0,71.77777777777777,0.1324579875304513,5.333333333333333,3.0,1.0,42.66666666666666,4.0,0.3333333333333333,1,False,False,False,False,True,False,False,True
A-fd9422,Company_263,US,2024-04-04,organic,58,False,7,12,3125.555555555556,1,67.44444444444444,-0.0562091503267973,4.333333333333333,6.0,3.0,44.333333333333336,3.5,0.5,0,True,False,False,False,False,False,False,True
A-0baac2,Company_264,DE,2024-05-30,organic,14,False,7,10,3083.333333333333,0,178.33333333333334,0.0,3.5,6.0,4.0,43.5,4.166666666666667,0.6666666666666666,1,False,False,False,True,False,False,True,False
A-bb1486,Company_265,US,2024-11-05,organic,41,False,1,12,2038.375,0,118.375,0.02734375,4.375,3.0,2.0,11.0,3.6666666666666665,0.6666666666666666,1,False,False,False,False,True,True,False,False
A-560d27,Company_266,US,2024-05-05,organic,23,False,7,10,3470.083333333333,1,206.75,0.0,4.5,4.0,0.0,30.75,3.75,0.0,0,False,True,False,False,False,False,False,True
A-0b0d6d,Company_267,US,2024-12-30,organic,3,False,0,12,2576.230769230769,1,116.3846153846154,-0.0305158609506435,4.615384615384615,5.0,3.0,31.4,4.0,0.6,1,False,True,False,False,False,False,False,True
A-2789e3,Company_268,US,2024-09-14,partner,11,False,3,9,2040.75,1,97.5,0.0117708801919328,5.083333333333333,4.0,0.0,47.25,4.0,0.0,0,False,False,False,True,False,False,True,False
A-b07346,Company_269,US,2024-10-10,partner,51,False,1,12,6283.2,1,174.8,-0.0350515463917525,5.8,3.0,2.0,42.333333333333336,3.6666666666666665,0.6666666666666666,1,False,False,False,False,True,False,False,True
A-902ef7,Company_270,US,2024-09-03,other,83,False,3,11,5540.25,2,198.25,0.0,4.75,2.0,2.0,48.5,4.0,1.0,1,False,False,False,False,True,False,True,False
A-20736a,Company_271,IN,2024-03-16,organic,50,False,7,10,5789.285714285715,1,143.42857142857142,-0.0327485380116959,5.857142857142857,4.0,3.0,42.25,3.75,0.75,1,False,False,True,False,False,False,True,False
A-e4bf56,Company_272,IN,2024-10-28,ads,17,False,1,12,2703.714285714286,0,81.28571428571429,-0.0305283757338551,4.714285714285714,8.0,6.0,29.125,3.75,0.75,0,False,False,False,False,True,False,False,True
A-cea1f0,Company_273,US,2024-04-07,event,8,False,7,10,1224.4,1,136.6,0.0002756319588002,5.2,5.0,3.0,42.2,4.2,0.6,0,False,False,False,True,False,False,False,True
A-ef84cf,Company_274,US,2024-03-01,partner,8,False,9,6,1501.4,0,98.0,0.0865567216391804,5.6,5.0,2.0,34.8,4.2,0.4,1,False,False,True,False,False,False,True,False
A-d49cc5,Company_275,FR,2023-09-19,event,50,False,10,2,1665.625,0,186.625,-0.034090909090909,5.0,4.0,2.0,32.0,4.25,0.5,1,True,False,False,False,False,True,False,False
A-67be94,Company_276,US,2023-04-04,organic,26,False,16,1,3132.8571428571427,1,82.57142857142857,-0.0445723781826814,5.714285714285714,5.0,5.0,38.6,4.0,1.0,1,False,False,True,False,False,False,True,False
A-4e960a,Company_277,US,2024-01-17,other,12,True,10,2,1995.1666666666667,0,197.16666666666663,-0.0408247753530166,3.75,6.0,3.0,29.166666666666668,4.0,0.5,0,False,False,False,True,False,False,True,False
A-c37cab,Company_278,UK,2024-07-29,event,13,False,5,8,2253.75,1,74.33333333333333,-0.0236506859641187,5.166666666666667,4.0,2.0,33.0,3.75,0.5,1,True,False,False,False,False,False,False,True
A-533452,Company_279,AU,2024-11-12,organic,9,False,1,11,1878.5454545454545,1,163.36363636363637,-0.0647059984409381,5.181818181818182,4.0,2.0,32.75,4.0,0.5,1,False,True,False,False,False,False,False,True
A-443b7c,Company_280,US,2024-09-06,other,1,False,3,11,1503.875,4,131.0,-0.0176022137922187,3.6875,8.0,6.0,29.25,4.25,0.75,0,True,False,False,False,False,False,True,False
A-1f7acb,Company_281,UK,2023-08-06,ads,64,True,16,8,5864.0,1,110.5,0.03125,6.25,7.0,4.0,41.71428571428572,4.285714285714286,0.5714285714285714,0,False,False,False,True,False,True,False,False
A-f51f16,Company_282,US,2023-12-25,partner,1,False,10,3,1663.75,2,213.25,-0.0316666666666666,4.375,4.0,3.0,29.25,3.5,0.75,1,False,False,False,False,True,False,True,False
A-5a3eb9,Company_283,CA,2023-08-20,other,18,True,15,9,1561.0,0,141.23076923076923,-0.0069930069930069,4.846153846153846,3.0,2.0,24.0,4.0,0.6666666666666666,1,False,True,False,False,False,False,True,False
A-5f2961,Company_284,US,2024-11-22,partner,4,False,1,12,1471.2857142857142,0,144.57142857142858,0.0,4.714285714285714,1.0,1.0,53.0,4.0,1.0,1,False,False,False,False,True,True,False,False
A-417d2f,Company_285,IN,2023-07-04,partner,4,True,18,12,1433.3125,1,135.875,-0.0304407768542199,4.25,6.0,4.0,43.5,4.166666666666667,0.6666666666666666,1,True,False,False,False,False,False,False,True
A-e98302,Company_286,US,2023-12-26,ads,16,True,11,2,2094.5,0,118.16666666666669,-0.0777777777777777,4.5,9.0,5.0,44.44444444444444,4.111111111111111,0.5555555555555556,0,False,False,True,False,False,False,True,False
A-8bde0c,Company_287,US,2024-11-04,organic,12,False,1,12,1899.888888888889,2,226.66666666666663,-0.0204678362573099,4.277777777777778,3.0,1.0,25.666666666666668,4.0,0.3333333333333333,1,False,True,False,False,False,True,False,False
A-bcf87c,Company_288,US,2024-06-27,event,10,False,5,8,1979.090909090909,0,133.72727272727272,-0.0236612702366126,4.363636363636363,2.0,0.0,63.0,4.0,0.0,0,False,False,False,True,False,False,False,True
A-54ecc2,Company_289,US,2023-06-11,partner,4,False,16,9,1469.8181818181818,0,149.1818181818182,-0.0152536997885835,4.818181818181818,5.0,2.0,37.4,4.4,0.4,1,True,False,False,False,False,False,True,False
A-625d0b,Company_290,AU,2024-09-02,ads,9,False,3,11,1081.1818181818182,0,164.0,0.1018660021386055,4.727272727272728,5.0,3.0,48.4,3.8,0.6,0,False,False,True,False,False,True,False,False
A-fce879,Company_291,UK,2024-09-24,partner,10,True,3,12,1359.4,0,119.0,0.0,5.4,2.0,1.0,28.0,4.0,0.5,1,False,False,True,False,False,False,False,True
A-b07b56,Company_292,US,2024-11-08,event,25,False,1,12,1132.2666666666669,0,140.53333333333333,0.0027067669172932,3.933333333333333,4.0,4.0,31.25,3.75,1.0,1,False,True,False,False,False,False,False,True
A-6da850,Company_293,IN,2023-10-07,organic,5,False,15,12,1159.9375,3,206.3125,-0.0130129179331306,4.0,5.0,2.0,49.0,4.0,0.4,1,False,False,False,True,False,False,False,True
A-342303,Company_294,US,2024-03-16,other,1,True,8,7,565.0,0,78.66666666666667,0.0,4.666666666666667,3.0,2.0,29.33333333333333,4.333333333333333,0.6666666666666666,1,False,False,True,False,False,False,False,True
A-e7a1e2,Company_295,US,2024-06-23,event,3,False,5,11,1670.1666666666667,0,75.63636363636364,0.0184470563761181,5.727272727272728,1.0,0.0,45.0,4.0,0.0,1,True,False,False,False,False,False,True,False
A-f1f639,Company_296,US,2023-02-26,ads,2,False,18,8,729.75,1,48.0,0.1342710997442455,3.5,7.0,4.0,20.0,4.571428571428571,0.5714285714285714,1,False,False,True,False,False,True,False,False
A-a865bd,Company_297,US,2023-09-19,organic,38,False,11,5,4204.4,0,106.0,0.0162162162162162,4.8,2.0,1.0,31.5,3.5,0.5,1,True,False,False,False,False,False,False,True
A-4e631b,Company_298,US,2024-03-16,other,22,False,9,7,2218.0,1,125.9090909090909,0.0040460420895203,4.2727272727272725,2.0,1.0,24.5,4.0,0.5,0,False,False,False,True,False,False,True,False
A-7f6b86,Company_299,US,2023-08-24,partner,45,True,16,10,2155.777777777778,3,150.44444444444446,-0.0295077686382034,4.222222222222222,7.0,6.0,40.42857142857143,3.857142857142857,0.8571428571428571,1,False,False,False,False,True,True,False,False
A-8adedc,Company_300,US,2024-02-11,event,4,True,10,4,2023.4285714285716,0,167.53846153846155,-0.074362078035745,4.538461538461538,4.0,1.0,49.25,4.0,0.25,0,False,False,True,False,False,True,False,False
A-2edab2,Company_301,US,2023-11-17,event,17,False,13,11,1139.0,1,121.0,-0.0162790697674418,4.1,4.0,1.0,30.0,3.75,0.25,1,False,False,False,False,True,False,True,False
A-149a69,Company_302,US,2024-10-17,event,34,False,0,12,2686.0,0,166.66666666666666,0.0,6.0,8.0,5.0,33.875,4.125,0.625,1,False,True,False,False,False,True,False,False
A-a6d261,Company_303,CA,2023-11-29,other,9,False,12,5,2486.285714285714,3,147.5,-0.0021645021645021,4.428571428571429,4.0,1.0,40.0,4.5,0.25,1,False,False,False,True,False,False,False,True
A-443f6f,Company_304,US,2024-12-07,organic,19,False,0,12,1510.4444444444443,1,159.55555555555554,0.0106399222941708,5.888888888888889,4.0,2.0,28.0,4.5,0.5,0,True,False,False,False,False,True,False,False
A-202b67,Company_305,US,2024-03-22,organic,11,False,9,9,2018.6666666666667,1,79.625,0.0240279796511627,5.75,4.0,3.0,36.75,4.5,0.75,1,False,False,False,False,True,False,False,True
A-00bed1,Company_306,US,2023-11-14,ads,28,True,13,7,3350.6,3,118.8,0.0114285714285714,4.8,4.0,4.0,31.75,4.0,1.0,1,True,False,False,False,False,True,False,False
A-ffc04f,Company_307,US,2024-06-06,ads,13,False,6,12,1335.9333333333334,0,123.13333333333334,-0.0148103309120258,5.6,7.0,3.0,17.714285714285715,4.285714285714286,0.4285714285714285,1,False,False,True,False,False,False,False,True
A-65c341,Company_308,US,2023-12-26,ads,11,True,10,10,3818.25,0,200.75,0.0175438596491228,4.5,5.0,4.0,41.4,4.0,0.8,1,False,False,False,True,False,False,False,True
A-dcc2f0,Company_309,UK,2023-07-22,organic,15,False,15,11,1166.2,2,156.26666666666668,-0.0086021505376344,4.8,2.0,1.0,27.0,4.0,0.5,1,False,False,False,True,False,True,False,False
A-ced9aa,Company_310,US,2024-10-05,other,3,False,2,12,568.3636363636364,0,152.72727272727272,-0.0410958904109589,4.363636363636363,7.0,2.0,28.857142857142858,3.857142857142857,0.2857142857142857,0,False,True,False,False,False,False,True,False
A-3d957b,Company_311,UK,2024-04-04,other,14,False,5,7,1975.3333333333333,3,323.6,0.0,3.0,3.0,3.0,41.333333333333336,3.6666666666666665,1.0,1,False,False,False,False,True,False,False,True
A-89ee83,Company_312,US,2024-10-04,organic,1,False,2,11,2264.2727272727275,3,106.36363636363636,-0.0540965207631874,5.2727272727272725,5.0,2.0,21.8,4.0,0.4,0,True,False,False,False,False,False,False,True
A-883b7d,Company_313,IN,2024-03-28,other,17,False,8,8,2543.6666666666665,0,84.58333333333333,-0.0414679862048283,5.25,7.0,5.0,25.571428571428573,3.7142857142857135,0.7142857142857143,0,True,False,False,False,False,True,False,False
A-dcc3f1,Company_314,US,2023-12-27,event,21,False,12,8,1593.375,0,56.0,0.0366071428571428,5.75,9.0,6.0,35.666666666666664,3.888888888888889,0.6666666666666666,1,False,False,False,False,True,False,False,True
A-c62e55,Company_315,US,2023-02-08,partner,1,True,13,5,1322.4444444444443,1,164.77777777777777,-0.0032258064516128,3.555555555555556,4.0,2.0,27.5,4.0,0.5,0,False,False,True,False,False,True,False,False
A-e4144b,Company_316,UK,2024-10-22,other,41,False,1,12,3542.4,1,130.0,0.0076486418299554,4.1,3.0,2.0,57.0,4.0,0.6666666666666666,0,False,False,True,False,False,False,False,True
A-e40f45,Company_317,US,2024-04-18,organic,21,False,7,8,1689.2857142857142,3,47.0,0.0013665704472609,6.285714285714286,7.0,4.0,26.714285714285715,4.142857142857143,0.5714285714285714,1,False,False,False,False,True,False,False,True
A-96215d,Company_318,US,2024-08-08,event,10,False,4,9,1718.6666666666667,1,103.16666666666669,-0.0606060606060606,5.0,1.0,1.0,25.0,3.0,1.0,0,False,False,False,True,False,False,True,False
A-2b9d3e,Company_319,US,2023-06-04,partner,1,False,16,3,571.3333333333334,1,151.55555555555554,-0.0493827160493827,4.666666666666667,3.0,2.0,34.666666666666664,4.333333333333333,0.6666666666666666,0,False,False,True,False,False,False,True,False
A-b7724f,Company_320,UK,2023-03-28,organic,1,False,19,6,402.75,0,136.75,-0.0249999999999999,4.625,3.0,1.0,28.666666666666668,3.333333333333333,0.3333333333333333,1,False,False,False,False,True,True,False,False
A-310452,Company_321,FR,2024-12-25,other,9,False,0,12,2200.6,0,86.2,0.0,4.8,5.0,1.0,34.2,3.6,0.2,1,False,True,False,False,False,False,True,False
A-eb1312,Company_322,US,2024-09-16,partner,25,False,3,10,1512.25,1,100.58333333333331,-0.0377984084880636,5.166666666666667,1.0,0.0,68.0,5.0,0.0,1,False,False,False,True,False,False,False,True
A-df1e44,Company_323,UK,2024-02-23,organic,12,False,9,5,1191.5454545454545,1,163.3,0.0759615384615384,4.2,2.0,1.0,53.0,4.5,0.5,1,True,False,False,False,False,False,True,False
A-6a7c9d,Company_324,US,2024-10-24,organic,26,False,1,12,2605.6,0,157.6,-0.0378378378378378,3.4,3.0,2.0,34.333333333333336,4.0,0.6666666666666666,1,True,False,False,False,False,False,True,False
A-cbd1a3,Company_325,US,2024-11-25,other,6,False,1,11,1635.1,2,143.5,0.0477272727272727,4.5,4.0,1.0,34.5,4.0,0.25,0,False,True,False,False,False,True,False,False
A-a8d89d,Company_326,US,2023-12-08,ads,13,False,12,12,2443.333333333333,2,182.66666666666663,-0.0035460992907801,4.333333333333333,2.0,0.0,44.5,4.5,0.0,1,False,False,True,False,False,False,False,True
A-600734,Company_327,US,2023-11-14,organic,29,True,11,8,1394.7692307692307,2,144.76923076923077,-0.0383602433801284,4.923076923076923,7.0,5.0,52.57142857142857,3.857142857142857,0.7142857142857143,0,False,True,False,False,False,False,False,True
A-86fc1d,Company_328,UK,2024-07-26,partner,26,False,4,12,1686.7777777777778,3,156.66666666666666,0.0265223498306205,4.0,5.0,5.0,27.0,4.0,1.0,1,False,True,False,False,False,True,False,False
A-78f02b,Company_329,US,2024-11-17,event,11,False,1,11,3770.25,1,127.75,0.0,5.0,4.0,1.0,45.75,4.0,0.25,1,False,False,False,False,True,False,True,False
A-acb7f7,Company_330,US,2024-01-06,ads,32,False,11,10,2714.5,2,81.41666666666667,0.0753287111763733,4.833333333333333,3.0,1.0,41.0,3.6666666666666665,0.3333333333333333,1,False,False,True,False,False,True,False,False
A-712f1c,Company_331,US,2023-12-16,ads,17,False,12,2,3583.25,2,130.16666666666666,0.0949074074074073,5.25,6.0,3.0,41.66666666666666,4.0,0.5,1,False,True,False,False,False,True,False,False
A-3793ee,Company_332,CA,2023-03-21,organic,49,True,13,7,3815.0,1,87.28571428571429,-0.0680272108843537,5.0,4.0,1.0,43.75,4.0,0.25,1,True,False,False,False,False,False,True,False
A-9a532a,Company_333,US,2024-07-06,partner,11,False,4,10,2736.25,0,248.75,0.0,4.25,2.0,1.0,57.5,4.0,0.5,0,False,False,False,False,True,False,True,False
A-2ebb4b,Company_334,US,2023-05-15,ads,41,False,19,6,3068.8,1,105.2,0.068235294117647,4.5,2.0,1.0,43.5,3.0,0.5,1,False,False,False,False,True,True,False,False
A-6843f2,Company_335,CA,2024-12-10,ads,21,False,0,12,1835.555555555556,0,179.44444444444446,0.0,4.666666666666667,2.0,1.0,36.5,3.0,0.5,0,False,False,False,False,True,False,True,False
A-c9bb3e,Company_336,US,2024-03-24,ads,5,False,9,6,1521.7,1,226.6,0.0,4.1,7.0,5.0,27.714285714285715,4.142857142857143,0.7142857142857143,1,False,False,True,False,False,False,False,True
A-4814a3,Company_337,IN,2024-09-17,event,87,False,3,11,7923.727272727273,2,152.54545454545453,0.0311621048979642,4.909090909090909,4.0,2.0,18.75,4.0,0.5,1,True,False,False,False,False,True,False,False
A-b7b7b7,Company_338,US,2024-06-30,event,24,False,5,9,2379.833333333333,1,181.58333333333331,0.0153846153846153,4.166666666666667,3.0,0.0,17.0,4.666666666666667,0.0,0,False,False,False,True,False,True,False,False
A-ccc747,Company_339,FR,2024-01-12,event,16,False,7,5,802.0,2,133.33333333333334,-0.023391812865497,4.833333333333333,4.0,1.0,32.25,4.25,0.25,1,False,False,False,False,True,False,False,True
A-bb3bd4,Company_340,US,2024-01-27,ads,23,False,9,4,1064.571428571429,2,156.33333333333334,0.0534591194968553,4.5,11.0,5.0,32.72727272727273,4.090909090909091,0.4545454545454545,1,False,False,False,False,True,True,False,False
A-09316c,Company_341,AU,2024-09-11,organic,70,False,3,11,6363.636363636364,2,130.72727272727272,0.0515722307787971,4.454545454545454,4.0,1.0,54.75,3.75,0.25,1,False,False,False,True,False,False,True,False
A-96bbc6,Company_342,US,2024-05-07,organic,39,False,7,6,3803.25,3,39.875,-0.0357593795093795,5.75,3.0,1.0,51.333333333333336,3.333333333333333,0.3333333333333333,1,True,False,False,False,False,False,True,False
A-bc4d48,Company_343,US,2024-06-12,ads,35,True,6,7,1770.0,1,141.14285714285714,0.0024213075060532,4.428571428571429,6.0,4.0,41.16666666666666,4.166666666666667,0.6666666666666666,0,False,False,True,False,False,False,False,True
A-b30291,Company_344,US,2024-04-05,event,5,True,8,4,537.5,0,124.1,0.030532212885154,4.6,1.0,1.0,16.0,4.0,1.0,1,False,False,False,False,True,True,False,False
A-cdf020,Company_345,AU,2023-08-16,organic,23,False,13,12,2259.0,2,117.375,0.0,5.0,4.0,2.0,29.5,4.0,0.5,1,False,True,False,False,False,False,False,True
A-e6afc1,Company_346,US,2023-02-24,ads,1,False,19,8,2052.909090909091,0,168.0,0.0,6.0,0.0,0.0,0.0,0.0,0.0,0,False,True,False,False,False,False,False,True
A-e3bd71,Company_347,US,2023-03-25,partner,31,False,21,2,3784.5454545454554,1,110.1818181818182,0.0021141649048625,5.0,4.0,2.0,30.25,4.0,0.5,1,True,False,False,False,False,True,False,False
A-b179bf,Company_348,IN,2024-10-27,ads,43,False,2,12,3586.2,0,113.2,0.0666666666666666,6.6,6.0,4.0,24.666666666666668,4.0,0.6666666666666666,1,True,False,False,False,False,True,False,False
A-098560,Company_349,UK,2023-10-21,ads,1,False,12,11,1120.5454545454545,1,166.45454545454547,0.0015408320493066,5.0,2.0,1.0,28.0,3.0,0.5,1,False,True,False,False,False,False,True,False
A-82861f,Company_350,UK,2024-04-25,organic,41,False,7,7,4363.3,0,149.6,0.0178571428571428,4.8,5.0,2.0,24.4,3.2,0.4,1,False,True,False,False,False,True,False,False
A-94c3cd,Company_351,CA,2023-09-20,other,32,False,12,8,1506.0,0,190.0,0.077121425222691,4.833333333333333,4.0,2.0,44.75,3.75,0.5,0,False,False,False,True,False,False,True,False
A-a33200,Company_352,US,2024-09-15,partner,29,False,3,11,2409.4166666666665,1,204.08333333333331,0.0043859649122806,4.416666666666667,3.0,1.0,36.333333333333336,4.333333333333333,0.3333333333333333,1,False,False,False,False,True,True,False,False
A-034368,Company_353,US,2023-11-05,event,19,False,12,11,2238.8,0,79.2,-0.0422535211267605,5.4,5.0,2.0,41.2,4.0,0.4,1,False,False,True,False,False,False,True,False
A-b54c01,Company_354,US,2024-09-29,event,29,False,2,10,848.25,0,169.0,0.0,4.5,5.0,1.0,42.6,3.6,0.2,1,False,True,False,False,False,False,True,False
A-d82ef9,Company_355,UK,2024-07-02,other,26,False,5,8,1023.3571428571428,1,98.35714285714286,-0.0152317644964092,4.5,5.0,3.0,39.8,4.2,0.6,1,False,False,True,False,False,True,False,False
A-bb2f49,Company_356,US,2023-05-28,other,8,False,18,1,2180.909090909091,2,134.0,0.0613348676639815,4.909090909090909,3.0,2.0,22.33333333333333,4.0,0.6666666666666666,0,True,False,False,False,False,False,False,True
A-1f559b,Company_357,US,2023-09-04,organic,5,True,12,2,1175.6,0,186.0,0.0,3.8,5.0,4.0,50.4,4.2,0.8,1,False,False,False,False,True,False,True,False
A-5a215a,Company_358,FR,2024-01-05,other,87,False,11,7,7164.333333333333,2,179.05882352941177,0.0280112044817927,4.529411764705882,4.0,2.0,29.5,4.0,0.5,0,False,False,True,False,False,False,True,False
A-3f9cc0,Company_359,US,2024-06-03,event,22,False,6,7,2848.5714285714284,1,147.71428571428572,-0.0033613445378151,5.571428571428571,5.0,3.0,34.8,4.2,0.6,1,False,False,False,False,True,True,False,False
A-f9cc74,Company_360,FR,2024-10-12,partner,30,True,2,11,1555.7,1,73.4,-0.0639367816091954,4.8,6.0,0.0,49.833333333333336,4.0,0.0,0,False,True,False,False,False,False,True,False
A-ed510f,Company_361,IN,2023-01-17,partner,42,False,22,4,3616.2,2,105.0,-0.0404398348218573,4.5,9.0,4.0,44.55555555555556,4.0,0.4444444444444444,1,True,False,False,False,False,True,False,False
A-5c9849,Company_362,IN,2024-11-03,partner,19,False,1,11,3973.3333333333335,2,203.25,0.006578947368421,5.0,4.0,2.0,59.5,4.0,0.5,1,False,False,True,False,False,True,False,False
A-a7bd4b,Company_363,US,2023-02-15,ads,5,False,21,5,569.8181818181819,2,126.0909090909091,-0.0537496483355477,4.636363636363637,6.0,4.0,36.833333333333336,3.5,0.6666666666666666,1,True,False,False,False,False,False,True,False
A-d4ac0e,Company_364,UK,2024-04-20,ads,18,False,7,7,1450.3684210526317,3,177.6315789473684,0.0249307479224376,4.0,4.0,2.0,21.0,3.75,0.5,0,False,True,False,False,False,True,False,False
A-ffdfd5,Company_365,US,2024-04-13,organic,3,False,8,6,1432.2,1,91.5,-0.0271939736346516,4.9,0.0,0.0,0.0,0.0,0.0,1,False,False,True,False,False,True,False,False
A-0dbdc6,Company_366,DE,2023-02-12,other,30,False,18,12,3141.4444444444443,0,122.11111111111111,-0.0565656565656565,5.666666666666667,4.0,1.0,47.0,4.25,0.25,1,True,False,False,False,False,False,False,True
A-7cfe77,Company_367,US,2024-07-10,ads,69,False,5,8,2553.0,1,136.8,-0.06,3.8,7.0,3.0,30.714285714285715,3.7142857142857135,0.4285714285714285,1,False,True,False,False,False,False,False,True
A-1f0636,Company_368,AU,2024-01-01,partner,105,False,10,2,7235.090909090909,3,57.8,0.001921400425428,5.8,2.0,2.0,38.5,3.5,1.0,0,False,False,True,False,False,False,False,True
A-40de06,Company_369,US,2023-05-08,event,28,False,19,12,1803.875,2,135.625,-0.0500281172729137,5.25,3.0,1.0,40.333333333333336,4.0,0.3333333333333333,0,True,False,False,False,False,False,True,False
A-cb5333,Company_370,US,2024-03-26,ads,33,False,9,5,1641.0,0,122.8125,-0.0086322333811573,5.0,4.0,2.0,30.75,3.75,0.5,1,False,True,False,False,False,False,False,True
A-309e54,Company_371,US,2024-12-09,other,15,False,0,12,2595.3636363636365,0,107.0,-0.0222984562607204,4.636363636363637,5.0,3.0,23.8,3.8,0.6,1,False,True,False,False,False,False,False,True
A-6e7827,Company_372,US,2023-03-26,other,1,False,18,6,927.1111111111112,3,178.88888888888889,0.0158730158730158,4.0,2.0,0.0,51.0,3.5,0.0,1,False,True,False,False,False,True,False,False
A-50bb9f,Company_373,US,2024-07-12,organic,2,False,5,10,2157.875,2,224.14285714285717,-0.0069686411149825,3.2857142857142856,7.0,3.0,33.285714285714285,4.0,0.4285714285714285,1,True,False,False,False,False,False,False,True
A-5fe118,Company_374,US,2024-11-07,other,39,False,0,12,4458.0,0,88.2,-0.021917808219178,3.6,1.0,1.0,19.0,4.0,1.0,1,True,False,False,False,False,False,True,False
A-5247b3,Company_375,UK,2024-03-12,partner,16,True,9,5,1071.909090909091,3,82.81818181818181,0.0001500459515726,4.909090909090909,5.0,4.0,45.8,4.0,0.8,1,False,False,False,True,False,False,False,True
A-f44180,Company_376,UK,2023-02-13,event,9,False,21,12,2562.818181818182,0,153.54545454545453,-0.0056808874990693,4.181818181818182,2.0,1.0,46.5,5.0,0.5,1,True,False,False,False,False,False,False,True
A-c16cf7,Company_377,US,2024-10-16,event,13,True,2,10,1227.4,0,146.8,-0.0179487179487179,5.3,3.0,0.0,48.333333333333336,3.6666666666666665,0.0,1,False,False,True,False,False,False,False,True
A-d42431,Company_378,FR,2024-06-09,ads,22,True,6,11,2351.1111111111118,1,103.66666666666669,-0.0698148148148148,4.777777777777778,4.0,3.0,24.25,4.0,0.75,1,False,False,False,True,False,False,True,False
A-6965e1,Company_379,US,2024-11-25,organic,13,False,0,12,2313.75,1,142.25,-0.009090909090909,4.416666666666667,3.0,1.0,39.0,3.6666666666666665,0.3333333333333333,1,False,True,False,False,False,True,False,False
A-0354fe,Company_380,US,2024-10-22,other,34,False,1,12,2210.0,1,75.14285714285714,0.0251521661296097,6.428571428571429,4.0,2.0,20.0,4.0,0.5,1,True,False,False,False,False,True,False,False
A-0a62f5,Company_381,UK,2024-09-11,partner,16,False,3,10,1215.25,0,228.25,0.0,5.75,2.0,2.0,33.5,4.0,1.0,1,False,False,False,True,False,False,False,True
A-f5641b,Company_382,US,2024-03-30,other,31,False,8,11,3912.0,1,166.1,-0.0111111111111111,3.8,4.0,3.0,47.5,3.5,0.75,1,False,False,True,False,False,False,False,True
A-b44e3e,Company_383,UK,2024-02-12,ads,40,False,10,5,6217.285714285715,3,106.14285714285714,0.0,4.857142857142857,3.0,2.0,40.0,4.333333333333333,0.6666666666666666,1,True,False,False,False,False,True,False,False
A-3b37d9,Company_384,US,2023-01-27,event,23,False,21,7,2776.428571428572,2,126.42857142857144,-0.0119047619047619,5.285714285714286,5.0,2.0,36.0,4.2,0.4,1,False,False,False,True,False,False,True,False
A-54d94a,Company_385,IN,2023-05-01,event,27,False,13,12,1141.5454545454545,1,154.9090909090909,-0.0614336877655922,4.636363636363637,4.0,0.0,53.75,3.75,0.0,0,True,False,False,False,False,True,False,False
A-7f29a7,Company_386,UK,2024-09-18,event,41,True,3,12,1714.5454545454545,0,116.0,0.0113636363636363,5.363636363636363,1.0,1.0,24.0,4.0,1.0,1,True,False,False,False,False,True,False,False
A-089363,Company_387,AU,2023-05-06,event,2,False,19,10,1507.428571428571,2,160.64285714285714,0.0394088669950738,4.142857142857143,3.0,1.0,35.0,3.6666666666666665,0.3333333333333333,1,False,False,False,True,False,True,False,False
A-524364,Company_388,FR,2024-12-31,partner,3,False,0,12,1592.0,0,198.83333333333331,0.0,4.166666666666667,3.0,2.0,47.66666666666666,4.333333333333333,0.6666666666666666,0,False,True,False,False,False,False,True,False
A-855a48,Company_389,US,2023-12-22,partner,14,True,11,5,3797.0,0,176.5,0.0,5.25,5.0,4.0,39.6,3.8,0.8,1,False,False,True,False,False,False,False,True
A-756192,Company_390,IN,2023-06-11,other,19,False,15,10,2140.0,1,116.1,0.0328107502799552,6.1,3.0,2.0,37.333333333333336,4.0,0.6666666666666666,0,False,False,False,True,False,True,False,False
A-49b828,Company_391,IN,2023-05-05,ads,6,False,20,5,2222.0,2,167.92857142857142,-0.0025062656641604,4.357142857142857,3.0,0.0,13.666666666666666,3.6666666666666665,0.0,0,False,False,False,True,False,False,False,True
A-c7ffc2,Company_392,US,2023-01-27,partner,30,True,19,9,3009.333333333333,3,115.25,0.0210346215780998,4.666666666666667,2.0,1.0,64.0,3.5,0.5,1,True,False,False,False,False,False,False,True
A-751c58,Company_393,UK,2024-07-18,organic,15,False,5,12,1781.5454545454545,4,100.0909090909091,0.0113636363636363,4.818181818181818,5.0,0.0,39.6,4.2,0.0,1,False,False,False,True,False,True,False,False
A-72799b,Company_394,FR,2023-11-13,event,20,False,13,8,1731.5,2,111.9,-0.0397672915319974,5.3,2.0,1.0,33.5,4.5,0.5,1,False,True,False,False,False,False,True,False
A-812c5b,Company_395,CA,2024-02-25,organic,55,False,9,7,2298.769230769231,0,111.07692307692308,0.0411250191814455,5.923076923076923,4.0,3.0,27.0,4.0,0.75,1,False,True,False,False,False,True,False,False
A-69b156,Company_396,US,2023-11-21,other,7,False,12,12,1588.111111111111,0,243.11111111111111,0.0055491031100787,3.6666666666666665,7.0,4.0,32.0,4.0,0.5714285714285714,0,False,False,True,False,False,False,False,True
A-075038,Company_397,UK,2023-05-12,ads,17,False,17,2,1350.642857142857,1,118.35714285714286,0.0105042016806722,4.5,2.0,2.0,43.5,3.0,1.0,1,False,False,False,False,True,True,False,False
A-940b8b,Company_398,DE,2024-03-19,organic,1,False,9,4,1205.0,1,231.75,0.0,4.375,3.0,2.0,41.333333333333336,4.0,0.6666666666666666,0,False,False,False,False,True,True,False,False
A-2d1036,Company_399,US,2024-06-14,ads,69,False,6,9,4973.307692307692,0,123.3846153846154,0.0243685441611111,5.0,5.0,2.0,37.8,4.6,0.4,1,False,False,False,True,False,False,False,True
A-0f6450,Company_400,US,2024-12-27,other,28,True,0,12,2163.6363636363635,0,160.1,0.0,5.0,8.0,1.0,29.75,3.875,0.125,1,False,False,False,True,False,False,False,True
A-9affe6,Company_401,US,2023-03-22,other,7,False,21,6,966.9090909090908,2,174.45454545454547,0.1357968959971463,4.181818181818182,3.0,2.0,58.0,3.6666666666666665,0.6666666666666666,1,True,False,False,False,False,False,False,True
A-80eeb6,Company_402,UK,2023-05-09,organic,22,False,17,10,4243.25,4,155.4,0.0491015405975489,4.733333333333333,4.0,3.0,40.25,3.75,0.75,1,True,False,False,False,False,False,True,False
A-d4e0d4,Company_403,US,2024-10-18,other,117,False,2,11,10721.5,1,190.7,-0.0523809523809523,4.5,4.0,1.0,39.25,4.0,0.25,0,False,False,False,True,False,True,False,False
A-c7e58b,Company_404,IN,2023-06-25,other,3,False,16,7,769.1428571428571,0,125.42857142857144,0.0,4.714285714285714,5.0,2.0,30.6,3.6,0.4,0,False,False,False,False,True,False,False,True
A-016043,Company_405,CA,2024-07-31,organic,4,True,5,12,1501.4545454545455,3,154.0909090909091,0.016801474032666,4.2727272727272725,3.0,2.0,30.33333333333333,4.0,0.6666666666666666,1,False,False,True,False,False,True,False,False
A-bbe56f,Company_406,US,2023-02-16,ads,21,False,16,4,1205.0,1,234.8,-0.0376811594202898,4.0,4.0,2.0,26.25,4.0,0.5,0,False,False,False,False,True,False,True,False
A-7c5768,Company_407,UK,2024-03-02,event,3,False,10,9,376.55555555555554,0,140.0,0.028673835125448,5.0,5.0,4.0,28.8,4.0,0.8,0,False,False,False,False,True,False,True,False
A-751bd4,Company_408,UK,2024-07-12,partner,10,False,3,10,95.0,0,102.5,0.0,4.5,6.0,4.0,23.166666666666668,4.166666666666667,0.6666666666666666,1,True,False,False,False,False,False,False,True
A-4e0e85,Company_409,US,2023-09-08,organic,6,False,10,4,568.0,1,110.375,-0.123076923076923,3.625,2.0,1.0,53.0,4.5,0.5,1,False,True,False,False,False,False,True,False
A-ad3abd,Company_410,US,2023-03-03,event,44,False,21,10,2413.714285714286,0,99.28571428571428,0.0,4.0,3.0,2.0,13.0,3.333333333333333,0.6666666666666666,1,False,False,False,True,False,False,False,True
A-e19ff6,Company_411,UK,2023-07-28,partner,1,False,17,3,409.1666666666667,1,189.66666666666663,0.0043859649122806,3.5,3.0,3.0,30.666666666666668,4.666666666666667,1.0,1,True,False,False,False,False,False,True,False
A-7920cc,Company_412,FR,2023-11-23,ads,39,False,13,7,3255.5625,1,172.4375,-0.0469655170995029,3.5625,7.0,1.0,32.857142857142854,4.142857142857143,0.1428571428571428,0,True,False,False,False,False,False,False,True
A-5a92e7,Company_413,US,2024-06-11,ads,4,False,6,9,666.8947368421053,0,152.78947368421052,-0.0104992518067568,4.368421052631579,7.0,4.0,45.0,4.285714285714286,0.5714285714285714,1,False,False,False,False,True,False,False,True
A-fdfc91,Company_414,US,2023-05-06,ads,29,False,17,8,2061.2,1,165.5,0.0,5.3,5.0,5.0,28.8,3.8,1.0,0,True,False,False,False,False,True,False,False
A-1e50e0,Company_415,DE,2023-02-21,other,19,True,21,4,2659.0,1,216.2,-0.0292682926829268,4.0,2.0,2.0,20.5,4.5,1.0,1,True,False,False,False,False,False,False,True
A-1e1b80,Company_416,CA,2023-09-12,other,50,False,14,12,4053.9166666666665,1,146.66666666666666,-0.0009157509157509,5.583333333333333,6.0,4.0,43.0,3.333333333333333,0.6666666666666666,1,False,False,False,True,False,False,True,False
A-659280,Company_417,IN,2023-11-17,event,13,True,13,11,1787.5,2,126.5,-0.0411046312208799,4.75,4.0,0.0,8.0,4.25,0.0,1,False,False,False,True,False,False,True,False
A-f6b2fb,Company_418,AU,2024-04-23,event,23,False,7,5,2335.9,1,113.0,-0.0303049967553536,5.3,5.0,2.0,55.0,4.0,0.4,1,False,True,False,False,False,True,False,False
A-cb6cc6,Company_419,US,2023-04-03,ads,13,True,20,5,374.57142857142856,2,121.57142857142856,0.0704761904761904,5.0,3.0,2.0,16.333333333333332,3.6666666666666665,0.6666666666666666,0,False,True,False,False,False,True,False,False
A-d62e02,Company_420,US,2024-08-20,partner,6,False,3,9,2132.4,1,141.6,0.0677966101694915,3.3,1.0,1.0,36.0,4.0,1.0,0,True,False,False,False,False,False,False,True
A-d535f6,Company_421,US,2024-09-03,organic,12,True,3,11,823.8888888888889,1,125.11111111111111,-0.0488215488215488,5.111111111111111,0.0,0.0,0.0,0.0,0.0,1,False,True,False,False,False,True,False,False
A-39868b,Company_422,AU,2024-03-17,partner,9,False,8,4,838.8,1,83.2,-0.024,5.6,6.0,2.0,39.0,4.166666666666667,0.3333333333333333,1,False,False,False,True,False,False,False,True
A-3cc791,Company_423,US,2024-01-10,other,6,False,11,3,1065.25,0,128.125,0.0,5.25,6.0,3.0,48.333333333333336,4.166666666666667,0.5,1,False,False,True,False,False,False,True,False
A-337bc1,Company_424,US,2023-07-19,organic,30,True,17,3,2768.428571428572,2,138.42857142857142,-0.0301587301587301,6.0,4.0,2.0,32.5,4.0,0.5,1,True,False,False,False,False,False,False,True
A-58b9ff,Company_425,IN,2024-05-31,partner,2,False,6,9,1741.6923076923076,1,125.6923076923077,0.0074644710128581,4.769230769230769,2.0,0.0,66.0,4.0,0.0,1,False,True,False,False,False,False,True,False
A-bf7919,Company_426,US,2024-11-27,organic,3,False,0,12,260.0,0,150.33333333333334,0.0,4.166666666666667,2.0,1.0,14.5,4.5,0.5,1,False,False,False,False,True,False,False,True
A-1d5444,Company_427,US,2024-01-18,partner,24,False,9,8,2211.285714285714,2,142.6153846153846,0.0164102564102564,4.076923076923077,2.0,2.0,30.0,4.0,1.0,1,True,False,False,False,False,True,False,False
A-0f3e88,Company_428,US,2023-07-23,other,7,False,17,12,511.27272727272725,2,61.72727272727273,-0.036104660063957,5.0,3.0,1.0,48.0,4.333333333333333,0.3333333333333333,1,False,False,False,False,True,True,False,False
A-7641d3,Company_429,US,2023-02-16,partner,8,True,20,11,1096.3636363636365,0,138.27272727272728,0.009628302731751,4.181818181818182,5.0,3.0,45.2,4.2,0.6,1,False,False,True,False,False,False,False,True
A-cd458b,Company_430,US,2024-06-15,other,10,True,5,8,2886.0666666666666,0,95.8,0.0124579124579124,5.333333333333333,5.0,4.0,38.4,4.6,0.8,1,False,True,False,False,False,True,False,False
A-c16b88,Company_431,US,2023-12-02,event,23,False,9,10,2259.777777777778,2,186.44444444444449,0.0,4.888888888888889,3.0,2.0,48.333333333333336,3.6666666666666665,0.6666666666666666,1,False,False,False,False,True,False,True,False
A-59f724,Company_432,US,2023-11-03,other,3,True,12,1,814.4166666666666,2,112.66666666666669,-0.0083333333333333,5.083333333333333,4.0,3.0,19.25,4.25,0.75,0,False,False,False,False,True,False,True,False
A-87aa7b,Company_433,US,2024-05-16,organic,24,True,7,6,1430.0625,4,169.375,-0.0017163955288605,4.25,3.0,2.0,27.33333333333333,4.0,0.6666666666666666,1,False,False,False,False,True,False,False,True
A-1e6fc3,Company_434,FR,2023-12-06,other,1,False,11,12,111.0,0,117.25,0.0,5.75,5.0,3.0,23.8,3.8,0.6,1,False,False,True,False,False,False,False,True
A-39ddf4,Company_435,US,2024-12-05,partner,40,False,0,12,3981.777777777778,0,126.66666666666669,-0.0246913580246913,5.0,5.0,4.0,23.0,4.2,0.8,1,False,False,True,False,False,False,True,False
A-34ea2f,Company_436,US,2024-08-15,organic,8,False,3,11,1215.25,3,106.75,0.0292792792792792,4.416666666666667,8.0,3.0,35.25,3.875,0.375,1,False,False,False,False,True,False,True,False
A-716841,Company_437,US,2024-05-06,other,45,False,7,9,3279.25,0,217.75,-0.03125,4.125,5.0,0.0,29.8,4.0,0.0,1,False,False,False,True,False,False,False,True
A-558c72,Company_438,US,2023-06-01,organic,12,False,18,3,1310.142857142857,1,183.42857142857144,-0.0652173913043478,4.0,4.0,2.0,64.25,4.25,0.5,1,False,False,False,True,False,True,False,False
A-b11cd0,Company_439,US,2023-01-20,ads,26,True,22,10,801.0,0,159.5,0.0476190476190476,4.666666666666667,4.0,0.0,38.5,4.0,0.0,0,False,True,False,False,False,False,False,True
A-cc1d8d,Company_440,US,2024-12-08,other,5,False,0,12,688.2307692307693,1,162.07692307692307,0.0114810562571756,4.615384615384615,5.0,2.0,30.2,4.2,0.4,1,False,False,False,True,False,False,False,True
A-7f4db3,Company_441,US,2023-03-05,other,4,False,22,7,1751.7333333333331,0,89.06666666666666,-0.0049153245316928,5.6,5.0,2.0,16.6,3.4,0.4,1,False,False,False,True,False,False,False,True
A-db5e9e,Company_442,US,2024-11-09,partner,4,False,1,12,1156.375,0,61.875,0.0336683808633317,6.875,2.0,0.0,66.0,5.0,0.0,1,False,True,False,False,False,True,False,False
A-cc102e,Company_443,US,2024-04-15,partner,13,False,7,9,1006.3,1,120.6,0.065406976744186,4.1,4.0,1.0,33.25,4.25,0.25,1,False,False,False,False,True,False,True,False
A-82d8a6,Company_444,UK,2024-11-28,ads,5,False,0,12,1645.0588235294117,5,160.88235294117646,0.0179028132992327,4.0588235294117645,5.0,3.0,42.2,3.8,0.6,1,True,False,False,False,False,True,False,False
A-dec005,Company_445,US,2023-10-13,partner,21,False,14,3,3074.4,1,72.8,0.0805491990846681,4.7,2.0,1.0,59.0,3.5,0.5,1,False,False,False,False,True,False,False,True
A-5790f4,Company_446,UK,2024-12-22,event,1,True,0,12,3154.333333333333,0,137.16666666666666,-0.0416666666666666,5.5,4.0,1.0,44.0,4.0,0.25,1,False,False,False,True,False,False,False,True
A-7c83a1,Company_447,US,2024-05-06,partner,12,False,7,5,1394.25,0,103.91666666666669,0.0119972147639269,4.833333333333333,4.0,2.0,42.0,4.0,0.5,1,True,False,False,False,False,False,False,True
A-297a2d,Company_448,UK,2023-05-05,event,27,False,16,11,2874.6,3,182.6,0.0,4.6,2.0,2.0,32.5,3.5,1.0,0,False,False,False,False,True,False,False,True
A-4c56c9,Company_449,US,2023-12-20,partner,9,False,7,7,2343.923076923077,0,105.76923076923076,-0.0117647058823529,4.615384615384615,5.0,2.0,38.6,3.8,0.4,1,False,False,False,True,False,False,True,False
A-cbbe12,Company_450,DE,2023-03-22,partner,40,False,17,6,2180.1666666666665,1,151.33333333333334,-0.0457957957957957,3.5,6.0,4.0,38.0,4.166666666666667,0.6666666666666666,0,True,False,False,False,False,False,True,False
A-4a267b,Company_451,US,2024-05-05,other,25,False,7,10,2968.7,1,160.2,0.0,4.6,4.0,2.0,16.25,4.25,0.5,1,False,False,False,True,False,False,False,True
A-bcbe98,Company_452,US,2024-07-29,other,46,False,5,9,1969.636363636364,2,74.81818181818181,0.0622875799502234,5.727272727272728,7.0,4.0,38.285714285714285,4.0,0.5714285714285714,1,True,False,False,False,False,False,True,False
A-427b69,Company_453,US,2024-08-23,other,17,False,3,11,1995.8,0,128.7,-0.0847744960733663,6.7,2.0,1.0,31.5,3.5,0.5,0,False,False,False,True,False,True,False,False
A-0be015,Company_454,US,2024-10-15,event,19,False,2,12,235.6,0,85.0,0.0,5.0,7.0,4.0,40.285714285714285,4.142857142857143,0.5714285714285714,1,False,False,False,True,False,False,False,True
A-054577,Company_455,UK,2024-04-28,ads,2,False,8,12,2787.5625,1,202.0,0.0230895748987854,5.125,1.0,1.0,46.0,4.0,1.0,0,False,False,True,False,False,True,False,False
A-bc87bc,Company_456,US,2024-07-17,event,3,False,3,12,1504.0,0,176.375,0.0699750830564784,4.25,7.0,4.0,40.57142857142857,3.857142857142857,0.5714285714285714,0,False,False,False,True,False,False,False,True
A-0f7d77,Company_457,IN,2024-10-28,partner,3,False,1,11,387.6666666666667,0,84.5,0.0771317829457364,4.833333333333333,5.0,3.0,27.2,4.4,0.6,1,False,False,False,True,False,False,False,True
A-e7beab,Company_458,DE,2023-10-20,organic,5,False,14,12,1618.857142857143,0,206.42857142857144,0.0,4.714285714285714,6.0,2.0,36.66666666666666,4.0,0.3333333333333333,1,False,False,True,False,False,False,True,False
A-a09355,Company_459,US,2024-08-10,organic,14,False,4,11,2133.75,0,122.75,0.0011996904024767,4.5625,5.0,3.0,32.6,4.0,0.6,1,False,False,False,True,False,True,False,False
A-31ab9a,Company_460,DE,2024-03-03,organic,3,False,9,12,2257.428571428572,0,159.42857142857142,-0.0158730158730158,4.142857142857143,7.0,3.0,43.142857142857146,3.7142857142857135,0.4285714285714285,1,False,False,False,True,False,False,False,True
A-0158bb,Company_461,DE,2024-05-22,partner,5,False,7,10,678.3333333333334,1,110.5,-0.0345674464296678,5.333333333333333,1.0,1.0,32.0,3.0,1.0,0,False,False,False,True,False,True,False,False
A-f19b24,Company_462,US,2023-01-10,organic,29,True,9,12,841.0,0,65.33333333333333,0.0,4.0,2.0,1.0,35.5,4.0,0.5,0,True,False,False,False,False,False,False,True
A-798a3f,Company_463,FR,2023-10-19,other,12,False,12,9,1572.4444444444443,1,152.22222222222223,0.0613026819923371,3.555555555555556,5.0,5.0,33.0,4.0,1.0,1,False,True,False,False,False,False,True,False
A-42b791,Company_464,AU,2024-05-20,event,3,False,6,11,2722.8571428571427,0,143.42857142857142,-0.051567944250871,4.0,3.0,2.0,33.666666666666664,4.0,0.6666666666666666,0,False,False,False,True,False,False,False,True
A-068fc6,Company_465,US,2023-07-17,event,35,False,14,7,2908.5,1,129.4,0.0992441421012849,5.7,5.0,4.0,38.8,4.2,0.8,0,False,False,True,False,False,False,True,False
A-6f50ae,Company_466,US,2023-09-21,partner,19,False,13,11,1900.571428571429,0,94.92857142857144,-0.018160124683081,5.357142857142857,5.0,2.0,31.0,4.4,0.4,1,False,False,False,True,False,False,False,True
A-a2485e,Company_467,US,2024-08-04,event,3,True,4,8,1462.5,0,165.0,0.0,4.166666666666667,0.0,0.0,0.0,0.0,0.0,0,False,False,False,True,False,False,False,True
A-bb1eaa,Company_468,US,2024-06-11,organic,21,False,6,12,2076.2,0,142.8,0.0,3.4,6.0,5.0,23.5,4.166666666666667,0.8333333333333334,1,True,False,False,False,False,True,False,False
A-cc98bc,Company_469,US,2023-05-24,ads,32,False,19,6,2156.7,1,155.8,-0.0738095238095238,5.3,3.0,1.0,4.666666666666667,4.0,0.3333333333333333,0,False,True,False,False,False,True,False,False
A-d77f4c,Company_470,US,2023-09-25,partner,4,True,14,8,3366.714285714286,4,179.0,-0.0008503401360544,4.357142857142857,2.0,1.0,31.0,4.0,0.5,1,False,True,False,False,False,False,False,True
A-ccabf0,Company_471,IN,2023-11-06,organic,1,False,14,3,2237.9,0,127.6,-0.0379458500988883,4.8,4.0,2.0,46.25,3.75,0.5,1,False,False,False,False,True,False,False,True
A-700ade,Company_472,UK,2024-10-31,organic,1,True,1,11,2109.375,0,191.625,0.0,3.625,4.0,3.0,30.25,4.5,0.75,0,True,False,False,False,False,False,True,False
A-4a4c2d,Company_473,US,2023-05-02,event,54,False,18,10,2612.769230769231,1,181.6153846153846,0.0069930069930069,4.384615384615385,5.0,2.0,42.0,4.2,0.4,0,False,True,False,False,False,False,True,False
A-b7ef83,Company_474,UK,2024-05-29,partner,1,True,6,10,2391.2,2,125.4,-0.0052572233967582,4.533333333333333,2.0,1.0,47.5,4.0,0.5,1,True,False,False,False,False,False,False,True
A-e08cd3,Company_475,US,2024-09-21,ads,67,True,3,9,6456.363636363636,0,102.4,-0.0269949494949494,4.1,8.0,6.0,30.375,4.0,0.75,1,False,False,False,True,False,False,False,True
A-19b2c8,Company_476,IN,2023-06-06,other,20,False,18,2,2054.076923076923,1,92.23076923076924,-0.0687891683998108,4.153846153846154,3.0,1.0,29.33333333333333,4.666666666666667,0.3333333333333333,1,False,True,False,False,False,False,False,True
A-970c97,Company_477,DE,2024-03-01,other,14,False,10,3,1922.625,0,111.125,0.0061783454640597,5.0,1.0,1.0,61.0,5.0,1.0,0,False,False,False,False,True,False,True,False
A-6dee43,Company_478,UK,2023-08-12,other,3,True,14,1,2070.0,1,181.72727272727272,0.0,4.2727272727272725,5.0,5.0,44.2,4.2,1.0,1,False,False,False,True,False,True,False,False
A-5ed98d,Company_479,US,2024-06-22,partner,24,False,6,9,1934.75,1,138.5,-0.0468177655677655,3.875,5.0,2.0,35.8,4.2,0.4,1,False,True,False,False,False,True,False,False
A-c58f49,Company_480,US,2024-07-31,other,70,True,4,9,10140.0,1,131.71428571428572,0.0072158559769765,5.0,3.0,2.0,36.333333333333336,4.333333333333333,0.6666666666666666,1,False,False,True,False,False,False,True,False
A-9c18c4,Company_481,US,2023-07-27,ads,11,False,17,8,1782.3,3,81.6,-0.094899577167019,5.2,4.0,2.0,42.25,4.0,0.5,0,False,False,False,False,True,False,False,True
A-cc8c8f,Company_482,US,2024-06-16,ads,23,False,6,11,2228.5714285714284,1,156.57142857142858,0.0,4.0,2.0,2.0,14.5,3.5,1.0,1,False,True,False,False,False,False,True,False
A-5f7781,Company_483,US,2024-08-20,other,22,False,4,10,2050.4,1,176.0,-0.06875,3.6,2.0,2.0,28.5,4.0,1.0,1,False,True,False,False,False,False,False,True
A-e1b9cd,Company_484,US,2023-02-26,event,40,False,21,2,2469.4666666666667,0,161.66666666666666,0.0145833333333333,5.0,1.0,1.0,35.0,3.0,1.0,1,False,True,False,False,False,False,False,True
A-ac85cd,Company_485,US,2024-07-31,partner,53,False,5,11,3438.9166666666665,1,185.33333333333331,0.0,4.916666666666667,3.0,0.0,33.666666666666664,3.6666666666666665,0.0,1,False,False,True,False,False,False,True,False
A-d792a6,Company_486,US,2023-01-23,organic,4,False,23,1,1536.6,1,88.86666666666666,0.0383270040559043,4.333333333333333,5.0,3.0,40.6,4.0,0.6,1,False,True,False,False,False,False,True,False
A-ac9111,Company_487,US,2023-08-12,event,21,True,16,8,1664.125,0,94.625,-0.0478830455254441,4.9375,3.0,2.0,24.666666666666668,4.333333333333333,0.6666666666666666,1,False,False,False,False,True,False,False,True
A-18793f,Company_488,US,2024-12-18,organic,148,True,0,12,6022.727272727273,1,198.45454545454547,-0.0082644628099173,4.0,5.0,2.0,45.2,3.8,0.4,1,False,False,True,False,False,True,False,False
A-9f0b68,Company_489,US,2024-04-28,ads,10,False,7,10,2376.5,2,132.66666666666666,0.0070422535211267,5.5,3.0,2.0,30.33333333333333,3.6666666666666665,0.6666666666666666,1,False,False,True,False,False,True,False,False
A-d3c88e,Company_490,US,2024-10-18,event,16,False,2,12,2014.076923076923,3,112.15384615384616,0.0077763766288356,4.615384615384615,3.0,3.0,58.0,4.0,1.0,1,False,True,False,False,False,False,False,True
A-ccb686,Company_491,US,2024-01-22,other,10,False,11,8,1795.0833333333333,4,63.333333333333336,0.054081451741284,5.583333333333333,1.0,1.0,67.0,4.0,1.0,1,False,True,False,False,False,True,False,False
A-118f1c,Company_492,US,2024-10-31,other,32,False,2,11,5475.25,0,224.375,0.0,4.5,1.0,0.0,64.0,3.0,0.0,1,True,False,False,False,False,False,False,True
A-0e966d,Company_493,IN,2024-06-25,ads,11,False,6,11,1131.3636363636365,0,139.8181818181818,-0.0220245089810307,5.545454545454546,3.0,1.0,31.666666666666668,4.333333333333333,0.3333333333333333,0,False,False,False,True,False,True,False,False
A-b9f5b1,Company_494,US,2023-01-24,other,15,True,22,7,1010.2857142857144,0,278.57142857142856,0.0,3.857142857142857,6.0,2.0,31.83333333333333,3.333333333333333,0.3333333333333333,1,True,False,False,False,False,False,False,True
A-8ae3fc,Company_495,CA,2024-06-28,ads,9,False,5,10,555.875,0,115.625,-0.0629355400696864,4.625,4.0,4.0,39.5,3.75,1.0,1,False,True,False,False,False,False,False,True
A-55f257,Company_496,US,2023-12-21,organic,9,False,11,6,1213.7,3,88.7,0.0816741881027595,5.0,6.0,3.0,43.16666666666666,4.666666666666667,0.5,0,False,False,False,True,False,True,False,False
A-d26ab4,Company_497,UK,2024-11-07,organic,9,False,1,11,1845.888888888889,0,169.33333333333334,0.0131826741996233,4.555555555555555,2.0,1.0,49.5,4.0,0.5,1,False,True,False,False,False,True,False,False
A-712533,Company_498,US,2023-07-31,organic,18,False,16,1,1615.1666666666667,1,127.25,0.0186854868797413,4.333333333333333,5.0,2.0,37.4,3.8,0.4,1,False,False,True,False,False,False,False,True
A-781cc0,Company_499,US,2024-09-04,organic,12,False,3,9,1144.6875,2,100.3125,-0.0328056863771149,4.9375,4.0,3.0,57.5,3.75,0.75,1,False,False,True,False,False,False,False,True
