account_id,account_name,industry,country,signup_date,referral_source,plan_tier_x,seats,is_trial,churn_flag_x,ticket_count,satisfaction_score,resolution_time_hours,escalation_flag,subscription_id,plan_tier_y,mrr_amount,target_churn,total_usage,total_duration,total_errors,recent_usage,usage_trend
A-2e4581,Company_0,EdTech,US,2024-10-16,partner,Basic,9,False,False,2.0,3.4906382978723407,23.0,0.0,S-3d7bed,Basic,836,False,82.0,24336.0,5.0,13.0,0.1566265060240964
A-43a9e3,Company_1,FinTech,IN,2023-08-17,other,Basic,18,False,True,3.0,4.0,38.0,0.0,S-fa8c75,Pro,882,False,40.0,9880.0,1.0,0.0,0.0
A-0a282f,Company_2,DevTools,US,2024-08-27,organic,Basic,1,False,False,3.0,4.666666666666667,43.666666666666664,0.0,S-9c414f,Pro,98,False,55.0,18279.0,4.0,25.0,0.44642857142857145
A-1f0ac7,Company_3,HealthTech,UK,2023-08-27,other,Basic,24,True,False,2.0,3.981276595744681,29.0,0.0,S-fccc09,Pro,1176,False,69.0,14673.0,3.0,0.0,0.0
A-ce550d,Company_4,HealthTech,US,2024-10-27,event,Enterprise,35,False,True,7.0,3.851793313069909,42.285714285714285,1.0,S-79d1e0,Enterprise,21691,True,117.0,46920.0,7.0,0.0,0.0
A-1b9609,Company_5,EdTech,IN,2023-10-12,ads,Enterprise,4,False,False,4.0,3.7359574468085106,43.0,0.0,S-afa7a7,Enterprise,0,False,27.0,5542.0,2.0,0.0,0.0
A-a0ca4e,Company_6,Cybersecurity,US,2024-03-08,ads,Pro,11,False,False,6.0,3.8302127659574468,39.166666666666664,3.0,S-d26ff6,Enterprise,5174,False,44.0,13077.0,1.0,0.0,0.0
A-e5d6ab,Company_7,EdTech,US,2023-04-15,partner,Pro,3,False,False,3.0,3.981276595744681,42.666666666666664,0.0,S-7b211a,Pro,1568,False,38.0,8182.0,0.0,0.0,0.0
A-7dacce,Company_8,Cybersecurity,CA,2024-09-10,event,Enterprise,12,False,True,4.0,3.7453191489361704,32.5,0.0,S-31d765,Pro,0,False,39.0,7670.0,4.0,0.0,0.0
A-10b8da,Company_9,DevTools,US,2023-05-08,partner,Enterprise,14,False,True,3.0,3.660425531914894,31.333333333333332,0.0,S-6eb56d,Pro,1666,False,51.0,14343.0,1.0,0.0,0.0
A-592832,Company_10,Cybersecurity,US,2024-09-25,organic,Basic,18,False,True,3.0,4.320851063829788,32.666666666666664,0.0,S-0c63de,Pro,882,False,50.0,18242.0,4.0,0.0,0.0
A-d40bf7,Company_11,FinTech,IN,2024-11-08,organic,Basic,59,False,False,2.0,5.0,20.5,0.0,S-7cd9fa,Basic,1121,False,35.0,6245.0,0.0,0.0,0.0
A-6c093d,Company_12,DevTools,US,2023-04-14,partner,Basic,7,True,False,3.0,4.320851063829788,40.333333333333336,1.0,S-4fc62f,Enterprise,0,False,35.0,15178.0,3.0,0.0,0.0
A-462d45,Company_13,Cybersecurity,US,2024-01-15,partner,Enterprise,11,True,False,4.0,3.9859574468085106,26.75,0.0,S-82c91a,Pro,1470,False,44.0,18529.0,1.0,9.0,0.2
A-956988,Company_14,EdTech,UK,2024-11-30,ads,Enterprise,1,False,False,2.0,3.4906382978723407,50.5,0.0,S-f2ccdd,Enterprise,6368,False,9.0,5238.0,0.0,0.0,0.0
A-ac14bb,Company_15,FinTech,US,2023-09-08,partner,Enterprise,21,False,False,2.0,3.9906382978723407,24.5,0.0,S-049667,Basic,532,False,108.0,44017.0,5.0,0.0,0.0
A-463db0,Company_16,HealthTech,US,2024-12-05,partner,Basic,15,False,False,6.0,4.1604255319148935,50.166666666666664,1.0,S-3eb56d,Pro,735,False,40.0,12480.0,5.0,18.0,0.43902439024390244
A-ce66f8,Company_17,EdTech,CA,2023-08-23,event,Pro,29,False,False,6.0,3.8208510638297875,41.666666666666664,0.0,S-2f138c,Pro,1421,False,108.0,30832.0,1.0,0.0,0.0
A-c4ea60,Company_18,FinTech,DE,2023-03-09,other,Enterprise,18,False,True,5.0,3.6,36.0,0.0,S-a3791c,Enterprise,3582,False,38.0,6831.0,0.0,0.0,0.0
A-832ec2,Company_19,FinTech,UK,2023-11-19,event,Enterprise,4,True,False,3.0,3.993758865248227,26.0,1.0,S-460deb,Enterprise,4378,False,86.0,32894.0,6.0,0.0,0.0
A-684255,Company_20,FinTech,US,2024-04-14,ads,Enterprise,9,False,False,4.0,4.49531914893617,14.25,1.0,S-65731a,Basic,0,True,51.0,21950.0,1.0,0.0,0.0
A-c42f1f,Company_21,HealthTech,US,2024-07-28,other,Pro,8,False,False,9.0,3.9916784869976363,31.333333333333332,1.0,S-62b4fc,Basic,152,False,16.0,5440.0,1.0,0.0,0.0
A-4e44e8,Company_22,DevTools,US,2024-08-20,ads,Enterprise,3,False,True,3.0,3.3333333333333335,31.333333333333332,0.0,S-99efdc,Enterprise,3383,False,66.0,25831.0,9.0,0.0,0.0
A-30b4ca,Company_23,EdTech,IN,2024-05-20,organic,Basic,86,False,True,3.0,3.9875177304964544,57.666666666666664,0.0,S-f9ec8f,Basic,1634,False,64.0,13431.0,5.0,10.0,0.15384615384615385
A-9f2731,Company_24,FinTech,IN,2024-10-04,event,Enterprise,1,False,False,0.0,3.0,0.0,0.0,S-c5f3d4,Pro,0,False,76.0,19494.0,9.0,0.0,0.0
A-32fb14,Company_25,DevTools,US,2023-03-07,event,Enterprise,26,False,True,5.0,4.188765957446809,34.0,0.0,S-33598f,Enterprise,5174,False,58.0,17273.0,4.0,19.0,0.3220338983050847
A-00cac8,Company_26,HealthTech,AU,2023-09-15,organic,Enterprise,8,True,False,2.0,3.981276595744681,33.0,0.0,S-c0ca82,Pro,931,False,67.0,17652.0,4.0,0.0,0.0
A-35083d,Company_27,HealthTech,IN,2023-04-28,partner,Basic,19,False,True,4.0,4.74531914893617,49.75,0.0,S-22be2c,Enterprise,9751,False,38.0,8282.0,1.0,0.0,0.0
A-eb7fac,Company_28,DevTools,US,2023-10-28,organic,Enterprise,7,False,False,4.0,3.985957446808511,34.0,0.0,S-9464f8,Basic,494,False,46.0,17133.0,4.0,0.0,0.0
A-b20d99,Company_29,HealthTech,IN,2023-09-27,other,Basic,20,False,False,2.0,3.5,61.5,0.0,S-d6f31b,Enterprise,3980,False,71.0,20236.0,2.0,0.0,0.0
A-396e5f,Company_30,Cybersecurity,CA,2024-10-02,other,Enterprise,2,False,False,5.0,3.9850212765957442,24.8,1.0,S-467918,Pro,1666,False,73.0,26994.0,5.0,0.0,0.0
A-45ce7a,Company_31,FinTech,US,2023-07-23,ads,Enterprise,16,False,False,5.0,3.7925106382978724,45.4,0.0,S-41128b,Enterprise,3184,False,62.0,18958.0,2.0,0.0,0.0
A-08e34e,Company_32,EdTech,US,2024-06-27,event,Basic,14,False,True,3.0,3.3270921985815605,43.0,0.0,S-6b534f,Enterprise,2786,False,72.0,23768.0,4.0,0.0,0.0
A-8145a0,Company_33,Cybersecurity,AU,2023-04-25,partner,Basic,2,True,False,6.0,3.9906382978723407,23.666666666666668,0.0,S-d7c21d,Basic,285,False,48.0,12610.0,3.0,0.0,0.0
A-bad8c1,Company_34,FinTech,AU,2023-03-01,organic,Basic,7,False,False,1.0,4.0,27.0,0.0,S-6bdda7,Pro,1813,False,76.0,28360.0,1.0,0.0,0.0
A-44dc83,Company_35,EdTech,FR,2024-05-12,other,Basic,5,False,False,7.0,4.4232218844984805,40.857142857142854,0.0,S-df3e3d,Enterprise,0,False,51.0,16247.0,1.0,0.0,0.0
A-f446b6,Company_36,DevTools,DE,2023-05-12,ads,Pro,5,True,False,8.0,4.115638297872341,30.75,1.0,S-57800a,Basic,95,False,26.0,7020.0,0.0,0.0,0.0
A-a45270,Company_37,HealthTech,US,2024-06-24,ads,Enterprise,3,False,False,4.0,3.9906382978723407,64.0,0.0,S-a50803,Basic,0,False,70.0,21912.0,8.0,12.0,0.16901408450704225
A-854864,Company_38,FinTech,IN,2024-12-07,event,Enterprise,20,False,False,5.0,4.8,44.2,0.0,S-676254,Pro,980,False,63.0,21875.0,2.0,0.0,0.0
A-1b7577,Company_39,Cybersecurity,US,2024-10-27,other,Pro,4,False,False,5.0,3.9962553191489363,27.2,0.0,S-94fa70,Pro,2009,False,71.0,17982.0,0.0,10.0,0.1388888888888889
A-05f0e5,Company_40,FinTech,US,2023-05-04,partner,Basic,32,False,False,4.0,3.9953191489361704,20.0,0.0,S-e5bed6,Pro,2842,False,41.0,10381.0,5.0,0.0,0.0
A-9077b0,Company_41,HealthTech,US,2024-08-25,ads,Basic,2,False,False,3.0,4.333333333333333,40.333333333333336,0.0,S-2cb298,Enterprise,398,False,70.0,23285.0,2.0,0.0,0.0
A-7f8241,Company_42,EdTech,US,2023-03-14,organic,Pro,34,False,True,1.0,3.0,36.0,0.0,S-b2cfac,Enterprise,6766,False,32.0,7831.0,1.0,0.0,0.0
A-2bc93d,Company_43,HealthTech,US,2023-03-14,event,Basic,14,False,False,2.0,4.5,12.0,0.0,S-104053,Pro,1715,False,61.0,21277.0,5.0,23.0,0.3709677419354839
A-f3ff05,Company_44,FinTech,IN,2024-07-06,other,Enterprise,2,False,False,3.0,3.660425531914894,42.666666666666664,0.0,S-180b6c,Basic,570,False,15.0,4400.0,0.0,0.0,0.0
A-2d4502,Company_45,FinTech,IN,2024-04-29,event,Basic,7,False,False,3.0,4.6604255319148935,26.333333333333332,0.0,S-71cb15,Enterprise,6766,False,7.0,1638.0,0.0,0.0,0.0
A-6a4e2d,Company_46,EdTech,UK,2023-04-07,partner,Pro,9,False,False,2.0,4.5,18.5,1.0,S-63e282,Pro,686,True,37.0,8794.0,0.0,0.0,0.0
A-eb7c38,Company_47,DevTools,AU,2024-02-25,organic,Enterprise,5,False,False,5.0,4.192510638297873,22.4,0.0,S-a76521,Basic,627,False,73.0,18082.0,3.0,0.0,0.0
A-c37601,Company_48,EdTech,US,2024-10-31,partner,Basic,6,True,False,4.0,3.7453191489361704,42.25,0.0,S-eae806,Enterprise,10746,False,68.0,19445.0,5.0,0.0,0.0
A-3b5cd1,Company_49,FinTech,US,2023-09-12,event,Basic,13,True,False,5.0,3.988765957446809,27.4,0.0,S-fc3dcb,Enterprise,6368,False,68.0,22751.0,1.0,0.0,0.0
A-b2225d,Company_50,FinTech,US,2024-03-08,ads,Basic,47,False,True,2.0,3.4906382978723407,42.0,0.0,S-380617,Basic,893,False,75.0,26739.0,1.0,14.0,0.18421052631578946
A-94f8c9,Company_51,HealthTech,US,2024-03-29,other,Basic,13,False,False,3.0,4.6604255319148935,47.333333333333336,0.0,S-1eb467,Enterprise,2587,False,75.0,27184.0,0.0,0.0,0.0
A-02fac6,Company_52,FinTech,US,2023-04-06,event,Pro,22,False,False,6.0,3.9875177304964544,23.333333333333332,0.0,S-a408fe,Pro,1078,False,79.0,22958.0,4.0,22.0,0.275
A-c1dfe1,Company_53,DevTools,DE,2023-08-07,ads,Pro,26,False,False,3.0,3.9875177304964544,50.333333333333336,0.0,S-154918,Basic,494,False,80.0,36787.0,9.0,21.0,0.25925925925925924
A-32728c,Company_54,DevTools,US,2023-01-03,event,Pro,20,False,True,2.0,3.5,34.5,0.0,S-4757c8,Basic,798,False,30.0,7055.0,3.0,0.0,0.0
A-4c38bc,Company_55,HealthTech,UK,2024-03-09,event,Basic,36,False,True,3.0,3.660425531914894,48.333333333333336,0.0,S-9a7851,Pro,1764,True,70.0,20281.0,0.0,0.0,0.0
A-1b707d,Company_56,Cybersecurity,US,2023-07-14,organic,Enterprise,1,False,False,3.0,3.981276595744681,42.666666666666664,0.0,S-47985c,Basic,0,False,21.0,7154.0,0.0,7.0,0.3181818181818182
A-6f8ad2,Company_57,EdTech,IN,2024-07-09,organic,Basic,1,False,False,4.0,4.24531914893617,35.25,0.0,S-aa5012,Basic,779,False,50.0,6510.0,7.0,0.0,0.0
A-4d1e75,Company_58,DevTools,US,2024-08-21,other,Basic,20,False,False,2.0,4.0,15.0,0.0,S-8dd1cf,Basic,380,False,55.0,13861.0,2.0,0.0,0.0
A-9ee962,Company_59,HealthTech,US,2023-02-28,ads,Basic,9,False,True,3.0,3.9875177304964544,37.0,0.0,S-0ce88b,Basic,171,False,24.0,7366.0,2.0,0.0,0.0
A-378b99,Company_60,EdTech,UK,2024-09-01,ads,Pro,8,True,False,6.0,4.3270921985815605,28.5,0.0,S-4b9d7c,Pro,784,False,70.0,26093.0,1.0,10.0,0.14084507042253522
A-94d3da,Company_61,HealthTech,US,2023-05-03,other,Basic,41,False,False,6.0,3.660425531914894,26.833333333333332,0.0,S-244df8,Basic,779,False,27.0,12108.0,1.0,0.0,0.0
A-e351e1,Company_62,EdTech,US,2024-09-26,other,Enterprise,33,False,False,4.0,3.75,17.0,0.0,S-0509b8,Basic,627,True,66.0,21804.0,2.0,17.0,0.2537313432835821
A-9badbd,Company_63,Cybersecurity,DE,2024-06-19,ads,Enterprise,5,True,False,5.0,4.388765957446809,30.2,0.0,S-c41762,Enterprise,11741,True,59.0,17022.0,3.0,8.0,0.13333333333333333
A-7e0a10,Company_64,FinTech,US,2023-11-18,ads,Enterprise,46,False,False,5.0,3.988765957446809,39.4,0.0,S-f030d4,Enterprise,13930,False,87.0,36223.0,3.0,9.0,0.10227272727272728
A-118d55,Company_65,Cybersecurity,US,2024-10-22,organic,Basic,8,False,False,5.0,4.192510638297873,24.2,0.0,S-7452a4,Enterprise,5771,True,46.0,11527.0,6.0,0.0,0.0
A-526d93,Company_66,HealthTech,FR,2024-04-14,organic,Basic,43,False,False,5.0,3.7887659574468087,51.4,1.0,S-c2a14b,Enterprise,8557,True,44.0,14636.0,1.0,0.0,0.0
A-f92792,Company_67,FinTech,US,2024-07-04,ads,Pro,1,False,False,2.0,3.9906382978723407,45.0,0.0,S-c61dc9,Basic,361,False,27.0,5298.0,0.0,0.0,0.0
A-84ebe4,Company_68,FinTech,US,2023-03-12,ads,Pro,18,True,True,4.0,3.9906382978723407,29.5,0.0,S-6bb2c5,Enterprise,7164,False,52.0,8898.0,4.0,16.0,0.3018867924528302
A-5b4ebb,Company_69,Cybersecurity,UK,2024-07-10,other,Basic,21,True,True,5.0,4.596255319148936,35.4,0.0,S-0c9fdd,Pro,1470,False,58.0,13394.0,2.0,0.0,0.0
A-2922b6,Company_70,HealthTech,US,2024-11-14,organic,Basic,15,False,False,2.0,3.9906382978723407,15.5,0.0,S-8dfd77,Pro,980,False,65.0,24453.0,2.0,13.0,0.19696969696969696
A-9b9fe9,Company_71,EdTech,AU,2023-09-28,other,Basic,5,False,False,4.0,3.9953191489361704,33.5,0.0,S-7bd2d7,Enterprise,9950,False,39.0,12668.0,5.0,22.0,0.55
A-a8b49c,Company_72,Cybersecurity,UK,2023-10-06,partner,Basic,7,False,False,1.0,4.0,72.0,0.0,S-fbc35d,Pro,343,False,48.0,15472.0,10.0,0.0,0.0
A-9174e0,Company_73,Cybersecurity,US,2024-12-04,partner,Basic,37,False,False,2.0,4.490638297872341,39.0,0.0,S-92afb8,Enterprise,7363,False,122.0,37280.0,10.0,13.0,0.10569105691056911
A-a1bbb6,Company_74,DevTools,CA,2023-04-05,organic,Basic,1,False,False,3.0,3.9875177304964544,17.666666666666668,0.0,S-37dc91,Pro,0,False,20.0,9544.0,0.0,0.0,0.0
A-c45b23,Company_75,FinTech,UK,2023-12-08,partner,Basic,5,False,False,3.0,3.654184397163121,36.666666666666664,0.0,S-2361ec,Enterprise,5174,True,21.0,7602.0,1.0,0.0,0.0
A-02cd81,Company_76,HealthTech,IN,2024-03-28,other,Basic,44,False,False,3.0,4.3270921985815605,17.333333333333332,1.0,S-4da459,Pro,2156,False,47.0,18932.0,0.0,0.0,0.0
A-ee42db,Company_77,EdTech,DE,2023-04-25,ads,Enterprise,13,False,False,4.0,3.7359574468085106,33.75,0.0,S-3c9a70,Basic,570,False,34.0,5146.0,4.0,0.0,0.0
A-432483,Company_78,Cybersecurity,US,2023-02-06,ads,Pro,4,False,False,1.0,3.981276595744681,51.0,0.0,S-6cdfb7,Pro,1519,False,35.0,7857.0,3.0,24.0,0.6666666666666666
A-9208f0,Company_79,EdTech,US,2023-05-11,organic,Pro,1,False,True,8.0,3.7382978723404254,41.25,1.0,S-e5fdf9,Basic,0,False,25.0,6534.0,3.0,0.0,0.0
A-98a59a,Company_80,FinTech,UK,2023-08-04,partner,Enterprise,56,False,False,3.0,4.3270921985815605,37.333333333333336,0.0,S-de3170,Pro,2744,False,43.0,6299.0,2.0,0.0,0.0
A-fe79a5,Company_81,HealthTech,IN,2024-02-21,ads,Basic,9,True,False,4.0,4.490638297872341,28.5,0.0,S-9bd0ec,Enterprise,1791,False,9.0,4455.0,0.0,0.0,0.0
A-726cfa,Company_82,DevTools,US,2023-07-01,partner,Pro,11,False,False,3.0,3.993758865248227,35.666666666666664,0.0,S-fa0d9e,Enterprise,7562,False,52.0,22818.0,0.0,18.0,0.33962264150943394
A-c43359,Company_83,FinTech,US,2024-11-16,organic,Pro,38,False,False,3.0,3.9875177304964544,26.666666666666668,0.0,S-eec041,Basic,722,False,26.0,11654.0,2.0,0.0,0.0
A-271f46,Company_84,DevTools,US,2023-02-09,event,Pro,38,False,True,1.0,3.981276595744681,36.0,0.0,S-3da8ee,Enterprise,9154,False,69.0,22099.0,3.0,23.0,0.32857142857142857
A-157070,Company_85,FinTech,US,2023-11-09,ads,Pro,16,False,False,3.0,3.654184397163121,42.333333333333336,1.0,S-7a9d40,Basic,722,True,18.0,5589.0,1.0,0.0,0.0
A-40a557,Company_86,Cybersecurity,AU,2023-12-03,partner,Pro,16,True,False,7.0,3.8464437689969606,30.571428571428573,0.0,S-12a13c,Enterprise,3184,False,46.0,10846.0,4.0,0.0,0.0
A-66224b,Company_87,HealthTech,US,2024-10-18,other,Pro,92,True,False,6.0,3.5,39.833333333333336,0.0,S-d859b7,Enterprise,0,False,54.0,14418.0,0.0,9.0,0.16363636363636364
A-91e948,Company_88,EdTech,AU,2023-01-29,partner,Basic,41,False,False,0.0,3.0,0.0,0.0,S-683e1e,Enterprise,8159,False,25.0,4821.0,1.0,0.0,0.0
A-104f1a,Company_89,Cybersecurity,US,2024-08-17,other,Pro,24,False,False,5.0,3.796255319148936,33.2,1.0,S-2dad6b,Basic,646,False,31.0,13978.0,2.0,0.0,0.0
A-7988d1,Company_90,Cybersecurity,US,2023-12-20,other,Basic,33,False,False,3.0,4.333333333333333,35.333333333333336,0.0,S-891ad9,Basic,0,False,21.0,6300.0,0.0,0.0,0.0
A-faa28c,Company_91,HealthTech,US,2024-01-30,organic,Enterprise,48,False,False,4.0,4.49531914893617,52.25,1.0,S-92dbcc,Pro,2352,False,42.0,16758.0,2.0,0.0,0.0
A-f25509,Company_92,EdTech,US,2024-03-22,other,Enterprise,32,False,False,6.0,4.323971631205674,42.666666666666664,0.0,S-f316d5,Basic,1083,False,27.0,10009.0,1.0,0.0,0.0
A-3a7284,Company_93,FinTech,US,2024-11-17,organic,Enterprise,31,False,False,3.0,3.660425531914894,56.333333333333336,0.0,S-7be036,Pro,1519,False,35.0,8256.0,2.0,0.0,0.0
A-3a5ad8,Company_94,HealthTech,US,2023-12-05,organic,Enterprise,9,True,False,4.0,4.240638297872341,44.75,0.0,S-79a9e1,Enterprise,0,False,14.0,4036.0,0.0,0.0,0.0
A-65a46c,Company_95,HealthTech,US,2023-11-04,event,Pro,1,False,False,8.0,3.9929787234042555,45.125,0.0,S-21bd9b,Pro,1715,False,69.0,26577.0,4.0,10.0,0.14285714285714285
A-8b25f2,Company_96,Cybersecurity,US,2024-02-17,ads,Pro,6,False,True,2.0,4.0,35.5,0.0,S-f5ce8e,Enterprise,2587,False,12.0,3108.0,0.0,0.0,0.0
A-fabe19,Company_97,DevTools,UK,2024-11-11,ads,Enterprise,1,False,False,3.0,3.9875177304964544,40.666666666666664,0.0,S-e0a4c5,Enterprise,0,False,53.0,19880.0,1.0,26.0,0.48148148148148145
A-adc1f3,Company_98,Cybersecurity,US,2024-08-05,organic,Pro,2,False,False,3.0,3.660425531914894,47.333333333333336,0.0,S-b821f4,Enterprise,995,False,27.0,10381.0,4.0,0.0,0.0
A-503d5a,Company_99,FinTech,US,2023-10-21,other,Enterprise,4,False,True,9.0,3.9875177304964544,36.55555555555556,0.0,S-88338a,Enterprise,11144,False,9.0,4653.0,0.0,0.0,0.0
A-fd7ad3,Company_100,Cybersecurity,US,2024-11-01,event,Enterprise,1,False,False,8.0,4.12031914893617,48.75,1.0,S-4f43fd,Basic,551,False,63.0,24452.0,4.0,21.0,0.328125
A-186a44,Company_101,HealthTech,US,2023-08-07,ads,Enterprise,20,False,False,7.0,3.706261398176292,38.285714285714285,0.0,S-450fa9,Basic,380,True,83.0,34453.0,2.0,14.0,0.16666666666666666
A-e888d1,Company_102,Cybersecurity,US,2023-03-28,other,Pro,14,False,False,5.0,3.9925106382978726,43.0,1.0,S-80c296,Pro,833,False,21.0,7589.0,8.0,0.0,0.0
A-69fad4,Company_103,FinTech,UK,2023-04-06,ads,Basic,6,False,True,4.0,3.7453191489361704,43.0,0.0,S-e0179e,Pro,0,False,95.0,26118.0,8.0,9.0,0.09375
A-9289f6,Company_104,EdTech,US,2023-05-31,event,Enterprise,1,False,False,6.0,4.157304964539008,37.5,0.0,S-b81c82,Pro,1225,False,30.0,10481.0,2.0,0.0,0.0
A-f19409,Company_105,DevTools,US,2023-03-16,other,Basic,23,False,True,3.0,3.9875177304964544,6.333333333333333,0.0,S-2e55e6,Basic,665,False,50.0,21236.0,2.0,13.0,0.2549019607843137
A-22f2df,Company_106,DevTools,US,2024-12-14,ads,Basic,3,False,False,5.0,4.185021276595744,44.8,0.0,S-47cfb3,Basic,209,False,81.0,25299.0,3.0,6.0,0.07317073170731707
A-039727,Company_107,EdTech,AU,2024-11-02,organic,Pro,25,False,False,0.0,3.0,0.0,0.0,S-e6a17a,Enterprise,4975,True,75.0,26857.0,2.0,0.0,0.0
A-2e3bad,Company_108,FinTech,CA,2023-08-13,other,Pro,61,False,False,5.0,3.7887659574468087,31.4,0.0,S-3bd427,Basic,1159,True,29.0,8277.0,0.0,7.0,0.23333333333333334
A-484819,Company_109,HealthTech,US,2023-02-21,organic,Pro,18,False,False,5.0,4.188765957446809,33.2,0.0,S-ac8fd3,Enterprise,3582,False,35.0,13939.0,3.0,0.0,0.0
A-425e76,Company_110,DevTools,UK,2023-05-17,other,Enterprise,8,False,True,5.0,3.5925106382978726,48.2,1.0,S-18b808,Enterprise,1791,False,24.0,7200.0,6.0,5.0,0.2
A-e83938,Company_111,DevTools,UK,2023-11-21,other,Pro,2,True,True,4.0,3.7359574468085106,31.0,0.0,S-caca4f,Basic,1026,False,41.0,9930.0,2.0,0.0,0.0
A-ad296b,Company_112,DevTools,AU,2024-07-15,event,Pro,38,False,False,3.0,3.6666666666666665,28.333333333333332,1.0,S-ddc51c,Pro,1862,False,111.0,42511.0,3.0,0.0,0.0
A-e51ec7,Company_113,FinTech,CA,2023-09-23,partner,Enterprise,2,False,False,3.0,4.320851063829788,37.0,0.0,S-2852dd,Enterprise,1990,False,41.0,5707.0,3.0,0.0,0.0
A-0aaf6e,Company_114,FinTech,US,2024-05-11,organic,Enterprise,3,False,False,5.0,3.988765957446809,45.0,0.0,S-88d746,Enterprise,3582,False,47.0,9070.0,1.0,10.0,0.20833333333333334
A-e61e98,Company_115,FinTech,US,2023-10-20,partner,Enterprise,19,False,True,6.0,4.496879432624113,30.333333333333332,1.0,S-05b245,Enterprise,6766,False,81.0,18547.0,3.0,6.0,0.07317073170731707
A-92a333,Company_116,FinTech,US,2023-03-24,event,Enterprise,9,False,False,4.0,3.981276595744681,23.25,1.0,S-f26ae0,Basic,171,False,69.0,22922.0,1.0,11.0,0.15714285714285714
A-95b24a,Company_117,FinTech,US,2023-06-06,event,Pro,38,False,True,5.0,4.1962553191489365,21.2,0.0,S-c35f78,Pro,0,False,76.0,28431.0,10.0,15.0,0.19480519480519481
A-42e5e1,Company_118,DevTools,US,2024-07-09,ads,Pro,1,False,True,3.0,4.0,29.0,0.0,S-9f7b07,Pro,490,False,29.0,1804.0,4.0,0.0,0.0
A-7d514c,Company_119,HealthTech,DE,2024-02-03,organic,Enterprise,17,False,False,3.0,4.320851063829788,33.333333333333336,0.0,S-8a46fe,Enterprise,3383,False,143.0,36314.0,2.0,8.0,0.05555555555555555
A-65aeb5,Company_120,DevTools,US,2024-01-25,partner,Pro,9,False,False,2.0,4.490638297872341,42.5,0.0,S-6ce221,Basic,171,True,83.0,15119.0,8.0,12.0,0.14285714285714285
A-e2cd1b,Company_121,DevTools,US,2024-02-04,other,Enterprise,15,False,False,5.0,3.9962553191489363,37.8,0.0,S-3f18be,Enterprise,3184,False,10.0,2175.0,3.0,0.0,0.0
A-180abf,Company_122,DevTools,US,2023-08-14,event,Pro,64,False,True,3.0,3.654184397163121,36.333333333333336,0.0,S-e9395e,Pro,3136,False,11.0,2046.0,0.0,0.0,0.0
A-f17767,Company_123,DevTools,US,2023-01-30,event,Enterprise,1,True,True,3.0,3.993758865248227,36.333333333333336,1.0,S-1f8215,Pro,735,False,0.0,0.0,0.0,0.0,0.0
A-5a184f,Company_124,DevTools,DE,2023-06-19,other,Enterprise,1,False,True,3.0,4.333333333333333,15.333333333333334,0.0,S-44046d,Basic,684,True,41.0,6942.0,1.0,11.0,0.2619047619047619
A-7df7a7,Company_125,DevTools,US,2023-01-28,organic,Basic,7,False,True,3.0,4.0,28.0,1.0,S-8486d2,Enterprise,5970,False,56.0,20231.0,6.0,0.0,0.0
A-1ac5e0,Company_126,DevTools,US,2024-10-20,event,Basic,33,False,True,7.0,3.851793313069909,40.42857142857143,0.0,S-53361d,Enterprise,0,False,80.0,25124.0,6.0,13.0,0.16049382716049382
A-52dd88,Company_127,Cybersecurity,US,2023-02-21,ads,Pro,23,False,False,1.0,3.981276595744681,72.0,0.0,S-36480d,Pro,1470,False,50.0,16937.0,0.0,0.0,0.0
A-bece89,Company_128,Cybersecurity,IN,2023-12-01,event,Pro,26,False,False,4.0,3.9953191489361704,32.5,1.0,S-6e81f5,Pro,1862,False,22.0,4272.0,1.0,0.0,0.0
A-029f69,Company_129,Cybersecurity,CA,2024-03-07,event,Basic,3,False,False,2.0,3.4906382978723407,42.0,0.0,S-21c164,Basic,646,False,41.0,10914.0,0.0,0.0,0.0
A-5c046d,Company_130,EdTech,FR,2024-07-06,partner,Basic,93,False,False,1.0,3.0,13.0,0.0,S-aced77,Enterprise,18507,False,74.0,17524.0,10.0,9.0,0.12
A-fb186e,Company_131,EdTech,IN,2024-10-27,organic,Basic,29,False,False,6.0,3.823971631205674,26.166666666666668,0.0,S-d7d398,Enterprise,0,False,124.0,37040.0,3.0,0.0,0.0
A-ae052e,Company_132,FinTech,CA,2023-09-11,other,Basic,39,False,False,4.0,3.9906382978723407,31.25,0.0,S-f4e174,Basic,0,False,72.0,15797.0,1.0,16.0,0.2191780821917808
A-9f9299,Company_133,FinTech,US,2023-09-02,organic,Enterprise,28,True,False,5.0,4.185021276595745,36.2,0.0,S-54df4c,Pro,1372,False,11.0,2090.0,0.0,0.0,0.0
A-96e141,Company_134,DevTools,UK,2023-08-12,partner,Basic,14,False,False,5.0,4.192510638297873,32.8,0.0,S-984423,Enterprise,4975,False,20.0,8845.0,2.0,0.0,0.0
A-117171,Company_135,HealthTech,FR,2024-09-12,organic,Basic,45,False,True,6.0,3.823971631205674,32.5,1.0,S-1fb7ac,Pro,2205,True,49.0,13533.0,0.0,0.0,0.0
A-313be3,Company_136,EdTech,US,2023-11-15,partner,Enterprise,47,True,False,4.0,4.235957446808511,22.5,1.0,S-70cc83,Pro,2303,False,80.0,16548.0,7.0,12.0,0.14814814814814814
A-671f31,Company_137,DevTools,US,2024-11-24,ads,Basic,59,False,False,7.0,4.137507598784195,33.0,0.0,S-814624,Enterprise,0,False,38.0,12068.0,6.0,0.0,0.0
A-bbc346,Company_138,FinTech,US,2024-08-29,partner,Enterprise,19,False,False,3.0,4.3270921985815605,45.333333333333336,0.0,S-56ed05,Pro,0,False,83.0,23461.0,10.0,0.0,0.0
A-c16101,Company_139,EdTech,IN,2024-09-06,other,Basic,7,False,False,4.0,4.235957446808511,28.0,1.0,S-b152d6,Pro,343,False,45.0,19863.0,6.0,18.0,0.391304347826087
A-50f3f7,Company_140,HealthTech,US,2023-12-22,partner,Basic,31,False,True,6.0,4.490638297872341,37.833333333333336,1.0,S-f020d4,Enterprise,6169,False,50.0,14622.0,6.0,12.0,0.23529411764705882
A-7da956,Company_141,Cybersecurity,US,2024-06-02,event,Pro,13,True,False,3.0,4.320851063829788,32.666666666666664,0.0,S-808efb,Enterprise,2985,False,15.0,3540.0,2.0,0.0,0.0
A-019782,Company_142,DevTools,FR,2023-04-19,event,Enterprise,11,False,False,2.0,3.4906382978723407,10.0,0.0,S-2fd650,Enterprise,0,False,60.0,12901.0,2.0,0.0,0.0
A-df10db,Company_143,DevTools,US,2023-06-06,other,Enterprise,2,True,False,2.0,3.0,68.5,1.0,S-fa7c1a,Enterprise,2388,False,25.0,6177.0,7.0,6.0,0.23076923076923078
A-3932db,Company_144,HealthTech,CA,2023-10-04,other,Pro,19,True,True,6.0,4.157304964539008,41.0,0.0,S-697d16,Enterprise,0,False,44.0,13980.0,0.0,11.0,0.24444444444444444
A-4f18f0,Company_145,DevTools,CA,2024-04-21,other,Pro,24,True,False,5.0,3.9962553191489363,39.2,0.0,S-1c7a41,Basic,456,False,30.0,11901.0,0.0,0.0,0.0
A-4c6f11,Company_146,FinTech,CA,2023-11-27,organic,Pro,24,True,True,3.0,4.333333333333333,44.666666666666664,0.0,S-d322a2,Basic,456,False,66.0,22277.0,4.0,0.0,0.0
A-8ae05d,Company_147,FinTech,IN,2024-04-06,other,Enterprise,86,False,False,1.0,4.0,47.0,0.0,S-b8c3e6,Enterprise,0,False,37.0,13610.0,4.0,9.0,0.23684210526315788
A-b78bf8,Company_148,DevTools,US,2024-11-15,event,Pro,33,False,False,5.0,4.2,24.2,0.0,S-75e469,Pro,1617,False,25.0,3947.0,1.0,0.0,0.0
A-eafc6e,Company_149,DevTools,US,2023-07-06,partner,Pro,27,False,True,1.0,3.981276595744681,64.0,0.0,S-779baa,Basic,0,False,51.0,20087.0,4.0,21.0,0.40384615384615385
A-37f969,Company_150,HealthTech,IN,2023-10-14,partner,Enterprise,30,False,False,5.0,3.7925106382978724,22.2,1.0,S-3947da,Enterprise,5970,False,59.0,22789.0,3.0,11.0,0.18333333333333332
A-10b8f2,Company_151,HealthTech,DE,2023-01-11,organic,Basic,47,True,False,3.0,4.333333333333333,46.333333333333336,0.0,S-1cefc9,Pro,2352,False,51.0,16804.0,1.0,7.0,0.1346153846153846
A-439b2f,Company_152,DevTools,US,2024-02-21,ads,Enterprise,1,False,True,3.0,3.981276595744681,18.333333333333332,0.0,S-83ee75,Pro,1274,False,11.0,3380.0,0.0,4.0,0.3333333333333333
A-544d0a,Company_153,DevTools,US,2024-05-02,organic,Basic,2,True,False,2.0,4.0,38.5,1.0,S-778c7e,Enterprise,398,False,55.0,19442.0,6.0,11.0,0.19642857142857142
A-ba6516,Company_154,FinTech,US,2023-10-29,ads,Pro,27,False,False,6.0,3.993758865248227,31.5,0.0,S-2f0291,Enterprise,5373,False,67.0,19835.0,0.0,0.0,0.0
A-712426,Company_155,HealthTech,US,2024-11-10,other,Enterprise,9,False,False,6.0,4.330212765957447,37.333333333333336,0.0,S-fcd231,Enterprise,0,False,22.0,6145.0,0.0,0.0,0.0
A-038089,Company_156,DevTools,FR,2023-12-19,other,Pro,5,False,True,6.0,3.823971631205674,30.166666666666668,0.0,S-7003c5,Basic,95,False,39.0,11577.0,4.0,0.0,0.0
A-afa505,Company_157,DevTools,US,2023-12-27,partner,Basic,70,True,False,4.0,3.4906382978723407,37.25,1.0,S-4291f7,Enterprise,13930,False,55.0,15422.0,4.0,13.0,0.23214285714285715
A-d5a319,Company_158,FinTech,US,2023-05-04,other,Enterprise,15,False,True,1.0,4.0,17.0,1.0,S-e66253,Enterprise,2985,False,37.0,13009.0,2.0,10.0,0.2631578947368421
A-f97b9a,Company_159,FinTech,US,2023-07-09,event,Pro,16,False,False,7.0,3.8464437689969606,31.714285714285715,0.0,S-5a1d20,Pro,784,False,71.0,19765.0,3.0,0.0,0.0
A-2f6a32,Company_160,HealthTech,US,2024-08-26,organic,Basic,19,False,False,2.0,3.5,41.0,0.0,S-55d53c,Basic,361,False,83.0,21604.0,8.0,10.0,0.11904761904761904
A-856b1e,Company_161,FinTech,US,2023-10-31,partner,Basic,19,False,False,5.0,3.9812765957446805,36.0,1.0,S-7f5316,Basic,0,False,71.0,26738.0,6.0,12.0,0.16666666666666666
A-17939a,Company_162,HealthTech,US,2024-12-26,organic,Basic,1,False,False,7.0,4.277689969604864,38.0,0.0,S-8707e7,Basic,266,False,23.0,7275.0,5.0,0.0,0.0
A-d27f50,Company_163,Cybersecurity,UK,2024-07-20,ads,Enterprise,44,False,False,4.0,3.75,37.5,0.0,S-6f488b,Basic,836,True,23.0,9887.0,1.0,0.0,0.0
A-e36807,Company_164,EdTech,AU,2024-05-17,other,Pro,6,False,False,2.0,4.5,41.0,0.0,S-003647,Enterprise,1791,False,71.0,13018.0,3.0,12.0,0.16666666666666666
A-ff79f2,Company_165,DevTools,US,2024-04-25,ads,Basic,8,False,True,2.0,3.981276595744681,50.0,0.0,S-4f0027,Enterprise,3781,True,64.0,24272.0,2.0,5.0,0.07692307692307693
A-5b1bcd,Company_166,DevTools,US,2023-09-16,organic,Pro,73,False,False,4.0,4.240638297872341,43.25,0.0,S-e9257d,Pro,3577,False,56.0,10465.0,4.0,0.0,0.0
A-71615e,Company_167,EdTech,US,2024-05-18,organic,Basic,15,False,False,1.0,3.981276595744681,49.0,0.0,S-738d4a,Pro,735,False,37.0,12032.0,2.0,0.0,0.0
A-794a0b,Company_168,HealthTech,DE,2023-06-02,organic,Basic,23,False,False,0.0,3.0,0.0,0.0,S-38ac0c,Enterprise,6169,False,55.0,13448.0,3.0,21.0,0.375
A-86902e,Company_169,HealthTech,IN,2023-05-02,other,Enterprise,34,False,False,9.0,3.767375886524823,40.888888888888886,0.0,S-b83d8d,Enterprise,6766,False,45.0,9484.0,9.0,12.0,0.2608695652173913
A-0532a9,Company_170,FinTech,IN,2024-09-25,event,Pro,19,False,False,8.0,3.858617021276596,30.75,0.0,S-c1f8e1,Pro,931,False,60.0,20986.0,3.0,15.0,0.2459016393442623
A-9779ad,Company_171,Cybersecurity,AU,2024-03-29,event,Pro,40,True,True,3.0,4.320851063829788,20.666666666666668,0.0,S-0896bc,Enterprise,7960,False,39.0,9366.0,2.0,10.0,0.25
A-f45426,Company_172,HealthTech,US,2024-08-05,organic,Basic,9,False,False,3.0,3.9875177304964544,17.0,0.0,S-2126cd,Pro,441,False,41.0,10589.0,3.0,7.0,0.16666666666666666
A-c1e51e,Company_173,FinTech,US,2024-10-02,organic,Basic,3,False,False,5.0,3.2,40.0,0.0,S-222167,Basic,779,True,69.0,25879.0,5.0,0.0,0.0
A-fa3095,Company_174,FinTech,US,2023-09-03,ads,Basic,70,False,False,5.0,4.388765957446809,49.2,0.0,S-33db08,Basic,1330,False,71.0,33715.0,3.0,11.0,0.1527777777777778
A-ad64c6,Company_175,DevTools,UK,2024-02-23,event,Pro,12,False,False,4.0,4.235957446808511,34.0,0.0,S-28e360,Enterprise,5572,False,25.0,8049.0,2.0,0.0,0.0
A-39b19f,Company_176,FinTech,US,2023-02-03,partner,Enterprise,1,False,False,6.0,4.1604255319148935,47.833333333333336,1.0,S-d7497b,Basic,247,False,20.0,5475.0,5.0,0.0,0.0
A-56962b,Company_177,EdTech,UK,2024-04-09,partner,Enterprise,163,False,False,4.0,3.7359574468085106,37.5,0.0,S-e98121,Enterprise,32437,False,61.0,18070.0,5.0,0.0,0.0
A-e60f9d,Company_178,FinTech,US,2024-08-26,other,Basic,29,False,False,2.0,3.981276595744681,70.5,0.0,S-1bd2ec,Basic,722,True,57.0,17188.0,2.0,0.0,0.0
A-88c6ca,Company_179,FinTech,DE,2024-10-25,ads,Basic,5,False,True,1.0,3.981276595744681,56.0,0.0,S-866608,Pro,1127,False,78.0,28218.0,4.0,13.0,0.16455696202531644
A-158f4e,Company_180,FinTech,IN,2023-03-03,other,Enterprise,61,False,False,5.0,4.192510638297873,27.6,0.0,S-3ad334,Enterprise,12139,False,42.0,11923.0,3.0,0.0,0.0
A-5b051a,Company_181,Cybersecurity,US,2024-08-05,event,Enterprise,22,False,False,1.0,3.0,2.0,0.0,S-ad31b0,Pro,1078,False,46.0,4777.0,7.0,16.0,0.3404255319148936
A-296d7c,Company_182,DevTools,DE,2023-11-08,other,Enterprise,2,False,False,5.0,3.796255319148936,50.4,0.0,S-cdfe99,Pro,294,False,41.0,18982.0,2.0,0.0,0.0
A-1619f8,Company_183,DevTools,US,2024-05-20,organic,Pro,29,False,False,3.0,4.320851063829788,42.0,0.0,S-ccc0fe,Basic,551,False,47.0,20620.0,3.0,0.0,0.0
A-a1b80b,Company_184,HealthTech,US,2023-11-27,organic,Basic,16,False,False,4.0,3.9953191489361704,41.0,0.0,S-791c64,Pro,0,False,28.0,7942.0,0.0,10.0,0.3448275862068966
A-139c3b,Company_185,HealthTech,US,2024-11-21,organic,Enterprise,10,True,True,9.0,4.2118203309692674,28.444444444444443,0.0,S-e1444a,Basic,0,False,78.0,31794.0,2.0,23.0,0.2911392405063291
A-702032,Company_186,HealthTech,US,2023-10-03,ads,Pro,28,False,False,4.0,3.4906382978723407,26.0,0.0,S-9b12da,Pro,1372,True,76.0,21217.0,4.0,0.0,0.0
A-7a0d69,Company_187,DevTools,DE,2024-06-15,ads,Enterprise,4,True,True,2.0,4.490638297872341,29.0,0.0,S-f039f9,Enterprise,3184,False,52.0,14671.0,5.0,9.0,0.16981132075471697
A-22d9d2,Company_188,DevTools,FR,2024-03-22,event,Pro,8,False,False,6.0,3.993758865248227,16.0,1.0,S-eed91a,Pro,1568,True,46.0,17573.0,0.0,0.0,0.0
A-b9eed8,Company_189,Cybersecurity,US,2024-02-23,organic,Basic,11,False,False,5.0,3.796255319148936,29.2,1.0,S-6c9ec4,Basic,342,False,59.0,22447.0,2.0,0.0,0.0
A-dfbd31,Company_190,DevTools,UK,2023-12-04,partner,Enterprise,14,False,False,6.0,4.1604255319148935,29.666666666666668,0.0,S-91c435,Basic,266,False,58.0,7323.0,2.0,0.0,0.0
A-8e47ca,Company_191,HealthTech,US,2024-02-15,organic,Pro,19,False,False,5.0,3.988765957446809,33.4,1.0,S-93dc0e,Enterprise,4975,True,52.0,20234.0,3.0,14.0,0.2641509433962264
A-4437e4,Company_192,Cybersecurity,US,2023-09-16,event,Enterprise,3,False,False,6.0,3.654184397163121,34.666666666666664,2.0,S-88a47f,Basic,171,False,45.0,14841.0,1.0,0.0,0.0
A-779e4e,Company_193,HealthTech,US,2023-01-02,organic,Basic,5,False,False,5.0,3.9962553191489363,26.6,0.0,S-694aa7,Basic,1862,False,80.0,16780.0,5.0,0.0,0.0
A-53f4e3,Company_194,Cybersecurity,UK,2024-06-14,event,Enterprise,13,False,False,5.0,3.9925106382978726,28.6,0.0,S-559e85,Pro,1421,False,57.0,20440.0,5.0,0.0,0.0
A-692f18,Company_195,EdTech,US,2024-03-28,other,Basic,5,True,True,2.0,4.490638297872341,37.5,0.0,S-c22c29,Enterprise,5572,True,44.0,13942.0,1.0,0.0,0.0
A-13466a,Company_196,DevTools,AU,2023-10-22,event,Basic,2,False,True,3.0,4.333333333333333,32.333333333333336,1.0,S-3223a2,Basic,171,False,38.0,14906.0,5.0,10.0,0.2564102564102564
A-1986ca,Company_197,HealthTech,IN,2023-01-30,ads,Pro,20,False,False,7.0,3.5660790273556233,36.57142857142857,0.0,S-e95f57,Enterprise,3980,False,8.0,3224.0,1.0,0.0,0.0
A-0cc442,Company_198,EdTech,US,2024-07-18,organic,Basic,45,False,False,3.0,3.654184397163121,37.0,0.0,S-add03a,Enterprise,8955,False,57.0,12004.0,1.0,0.0,0.0
A-c608c8,Company_199,DevTools,DE,2023-04-27,ads,Pro,3,False,True,2.0,3.4906382978723407,59.0,0.0,S-4473ec,Pro,1029,False,63.0,17761.0,5.0,0.0,0.0
A-3be56b,Company_200,HealthTech,IN,2023-10-26,event,Pro,3,False,True,4.0,3.5,40.25,0.0,S-cde950,Basic,380,False,79.0,26091.0,9.0,0.0,0.0
A-354f12,Company_201,FinTech,US,2024-04-28,ads,Pro,1,True,False,2.0,3.981276595744681,56.5,0.0,S-078c2b,Basic,133,False,28.0,7623.0,1.0,7.0,0.2413793103448276
A-68f37c,Company_202,HealthTech,US,2023-07-15,ads,Basic,4,False,False,5.0,3.9850212765957442,20.2,0.0,S-fc8f09,Enterprise,796,False,58.0,14860.0,4.0,11.0,0.1864406779661017
A-aa9511,Company_203,DevTools,US,2023-10-10,other,Pro,23,True,False,2.0,3.9906382978723407,56.5,0.0,S-e41941,Enterprise,5970,False,38.0,6088.0,1.0,0.0,0.0
A-af0cd2,Company_204,Cybersecurity,IN,2023-01-03,other,Enterprise,19,True,False,3.0,3.981276595744681,54.333333333333336,0.0,S-d8c6a0,Basic,1083,False,63.0,14359.0,2.0,0.0,0.0
A-bd4513,Company_205,DevTools,AU,2024-11-06,event,Enterprise,50,True,False,3.0,4.666666666666667,42.0,0.0,S-605115,Basic,950,False,60.0,12614.0,9.0,10.0,0.16393442622950818
A-c222ab,Company_206,Cybersecurity,US,2024-05-10,other,Pro,32,False,True,4.0,4.235957446808511,39.0,0.0,S-89e98a,Pro,1568,False,124.0,28208.0,9.0,0.0,0.0
A-34d880,Company_207,Cybersecurity,AU,2024-04-11,ads,Enterprise,4,False,False,5.0,3.0,52.2,0.0,S-f8e091,Enterprise,995,False,66.0,25150.0,2.0,0.0,0.0
A-508199,Company_208,FinTech,AU,2024-01-28,event,Basic,19,False,False,3.0,3.654184397163121,50.666666666666664,0.0,S-a2cd6a,Enterprise,0,False,71.0,31498.0,9.0,27.0,0.375
A-f03140,Company_209,DevTools,IN,2023-11-22,event,Pro,27,True,False,7.0,3.84644376899696,36.0,0.0,S-ffd1ee,Pro,0,False,83.0,22905.0,1.0,0.0,0.0
A-410e86,Company_210,FinTech,US,2024-11-10,organic,Basic,24,False,False,5.0,3.7887659574468087,42.6,0.0,S-2b2532,Enterprise,4776,False,37.0,10027.0,1.0,0.0,0.0
A-fa2041,Company_211,HealthTech,US,2024-05-29,organic,Pro,15,True,False,1.0,3.0,16.0,0.0,S-48c5be,Pro,0,False,50.0,22166.0,3.0,0.0,0.0
A-de58ca,Company_212,HealthTech,DE,2023-04-13,organic,Enterprise,15,False,False,5.0,3.5925106382978726,30.6,0.0,S-6e780e,Enterprise,7164,False,55.0,17062.0,1.0,0.0,0.0
A-05d3b3,Company_213,DevTools,AU,2023-05-28,ads,Basic,9,True,False,6.0,4.157304964539008,31.5,0.0,S-3ee288,Enterprise,3781,False,76.0,22747.0,0.0,0.0,0.0
A-249769,Company_214,Cybersecurity,US,2024-04-25,event,Enterprise,4,False,True,2.0,4.0,39.5,0.0,S-882f1d,Basic,133,False,69.0,13289.0,6.0,0.0,0.0
A-e43bf7,Company_215,Cybersecurity,AU,2023-03-24,other,Pro,44,False,False,5.0,3.9925106382978726,27.4,1.0,S-ee2669,Enterprise,8756,False,34.0,10890.0,0.0,9.0,0.2571428571428571
A-eb2fdc,Company_216,DevTools,AU,2023-11-21,organic,Enterprise,31,False,True,5.0,4.396255319148937,33.6,0.0,S-e44044,Basic,589,False,83.0,23807.0,0.0,30.0,0.35714285714285715
A-e1462e,Company_217,FinTech,UK,2023-03-12,partner,Basic,15,False,False,2.0,3.5,39.5,0.0,S-4a8fda,Basic,285,False,68.0,17072.0,2.0,0.0,0.0
A-cab532,Company_218,DevTools,FR,2023-04-03,organic,Pro,11,True,False,1.0,4.0,32.0,0.0,S-88cb91,Pro,1715,False,78.0,25824.0,1.0,9.0,0.11392405063291139
A-9123ac,Company_219,Cybersecurity,DE,2023-06-20,organic,Pro,9,False,False,6.0,4.16354609929078,38.833333333333336,0.0,S-d34b17,Enterprise,3582,False,37.0,15056.0,2.0,13.0,0.34210526315789475
A-6e08f3,Company_220,Cybersecurity,US,2023-02-27,event,Basic,8,False,False,2.0,3.5,36.5,0.0,S-2480b0,Basic,247,False,48.0,19495.0,2.0,16.0,0.32653061224489793
A-d922bf,Company_221,HealthTech,US,2023-09-08,ads,Basic,5,True,True,7.0,3.703586626139818,39.142857142857146,1.0,S-8b4074,Enterprise,1791,False,52.0,12028.0,0.0,0.0,0.0
A-8ed5dd,Company_222,EdTech,UK,2023-06-29,event,Enterprise,5,False,True,6.0,3.8270921985815605,29.0,0.0,S-713c12,Basic,285,False,0.0,0.0,0.0,0.0,0.0
A-7c6b6b,Company_223,FinTech,US,2024-11-30,other,Basic,6,False,False,5.0,4.192510638297873,52.2,0.0,S-32ab86,Pro,1127,False,31.0,12208.0,2.0,7.0,0.21875
A-3c1a3f,Company_224,DevTools,UK,2023-08-26,event,Pro,1,False,False,4.0,3.7406382978723407,33.25,0.0,S-72a3e2,Basic,133,False,18.0,8100.0,0.0,0.0,0.0
A-b48f73,Company_225,EdTech,AU,2024-11-13,event,Pro,80,True,False,3.0,3.993758865248227,28.666666666666668,0.0,S-323f3e,Pro,3920,False,69.0,14092.0,2.0,10.0,0.14285714285714285
A-76fa4d,Company_226,HealthTech,US,2024-11-24,event,Pro,69,False,False,5.0,4.396255319148937,33.4,0.0,S-b01b1c,Pro,3381,False,54.0,18089.0,3.0,15.0,0.2727272727272727
A-b2af2e,Company_227,Cybersecurity,UK,2024-08-24,event,Enterprise,5,False,False,2.0,4.0,39.5,0.0,S-635c1e,Basic,1026,False,55.0,23905.0,2.0,9.0,0.16071428571428573
A-9bfc9f,Company_228,DevTools,CA,2023-09-14,ads,Pro,53,False,False,6.0,3.657304964539007,35.333333333333336,1.0,S-5ede24,Pro,2940,False,72.0,22431.0,2.0,6.0,0.0821917808219178
A-4ae22a,Company_229,EdTech,US,2024-05-09,other,Pro,6,False,True,3.0,3.654184397163121,14.333333333333334,0.0,S-68dca1,Basic,532,False,38.0,15196.0,4.0,0.0,0.0
A-fda07f,Company_230,Cybersecurity,FR,2024-08-11,partner,Basic,7,False,False,5.0,3.9925106382978726,17.8,0.0,S-7077ab,Basic,266,False,122.0,35673.0,6.0,0.0,0.0
A-de24d5,Company_231,DevTools,US,2024-11-05,other,Enterprise,5,True,False,7.0,3.7009118541033432,43.142857142857146,0.0,S-c98905,Pro,245,False,25.0,6242.0,2.0,0.0,0.0
A-977ca0,Company_232,HealthTech,IN,2023-02-20,partner,Basic,6,False,True,3.0,3.9875177304964544,64.0,0.0,S-dfbd79,Pro,686,True,43.0,9226.0,4.0,7.0,0.1590909090909091
A-ab438f,Company_233,Cybersecurity,US,2024-09-13,ads,Enterprise,13,False,True,2.0,3.5,33.5,0.0,S-f0e458,Pro,0,False,37.0,11520.0,4.0,0.0,0.0
A-e89151,Company_234,FinTech,UK,2023-09-14,organic,Pro,8,True,True,2.0,4.490638297872341,41.5,0.0,S-a68b52,Enterprise,8756,False,61.0,18530.0,5.0,12.0,0.1935483870967742
A-40906c,Company_235,EdTech,US,2024-03-27,ads,Basic,92,False,False,5.0,3.796255319148936,29.2,0.0,S-77c880,Pro,4508,False,53.0,15846.0,5.0,0.0,0.0
A-81edc3,Company_236,Cybersecurity,IN,2023-10-30,ads,Basic,5,False,False,3.0,3.993758865248227,52.666666666666664,0.0,S-a3300f,Enterprise,995,False,109.0,35235.0,1.0,22.0,0.2
A-328bd0,Company_237,HealthTech,AU,2023-05-16,partner,Enterprise,18,False,False,5.0,3.7925106382978724,46.0,0.0,S-67c1d8,Pro,882,False,49.0,10824.0,6.0,0.0,0.0
A-b3fe05,Company_238,Cybersecurity,CA,2024-05-28,partner,Pro,8,False,False,4.0,3.4906382978723407,48.25,0.0,S-cfcb11,Basic,0,False,32.0,6247.0,1.0,0.0,0.0
A-09540c,Company_239,Cybersecurity,CA,2023-10-30,event,Basic,67,True,False,2.0,4.5,28.0,0.0,S-a18bb2,Pro,3283,False,29.0,11637.0,1.0,0.0,0.0
A-e693b6,Company_240,FinTech,AU,2023-05-25,event,Enterprise,55,False,True,1.0,3.0,1.0,0.0,S-770d98,Enterprise,10945,False,47.0,16145.0,4.0,9.0,0.1875
A-2446e3,Company_241,EdTech,IN,2024-01-10,organic,Pro,27,False,False,3.0,4.0,28.666666666666668,0.0,S-fe6eb1,Enterprise,5373,False,62.0,15885.0,10.0,0.0,0.0
A-241e75,Company_242,EdTech,US,2024-07-03,partner,Enterprise,3,False,False,4.0,4.240638297872341,31.5,0.0,S-fe910d,Basic,95,False,55.0,14962.0,3.0,21.0,0.375
A-922109,Company_243,Cybersecurity,US,2024-01-26,ads,Pro,3,False,False,3.0,3.654184397163121,25.333333333333332,0.0,S-2d494e,Basic,0,False,56.0,20826.0,4.0,13.0,0.22807017543859648
A-ff3c73,Company_244,HealthTech,AU,2023-01-26,other,Pro,21,False,False,2.0,3.5,35.5,0.0,S-f30a79,Basic,399,False,57.0,18504.0,9.0,13.0,0.22413793103448276
A-8b0451,Company_245,FinTech,UK,2024-09-16,event,Enterprise,41,False,False,7.0,3.706261398176292,26.571428571428573,0.0,S-bf424e,Enterprise,8159,False,41.0,11746.0,1.0,0.0,0.0
A-331424,Company_246,DevTools,US,2023-11-06,organic,Basic,11,False,False,2.0,3.981276595744681,24.5,0.0,S-91ec54,Pro,0,False,20.0,3873.0,2.0,0.0,0.0
A-51ec1b,Company_247,DevTools,US,2023-11-08,ads,Enterprise,7,False,False,3.0,4.6604255319148935,52.333333333333336,1.0,S-3bd95c,Enterprise,3383,False,95.0,38126.0,4.0,0.0,0.0
A-bcf664,Company_248,DevTools,US,2023-05-19,other,Pro,5,False,False,5.0,3.9925106382978726,36.0,1.0,S-14d060,Pro,2303,False,34.0,5182.0,1.0,8.0,0.22857142857142856
A-90a8c8,Company_249,FinTech,AU,2024-08-24,organic,Pro,15,False,False,4.0,3.25,45.0,0.0,S-58a152,Enterprise,2985,False,61.0,14268.0,1.0,0.0,0.0
A-86cdb4,Company_250,DevTools,DE,2024-09-22,partner,Basic,2,False,False,5.0,4.192510638297873,26.4,0.0,S-684751,Basic,323,False,37.0,8607.0,1.0,10.0,0.2631578947368421
A-4bfa33,Company_251,Cybersecurity,US,2024-12-07,event,Basic,8,True,False,4.0,3.7453191489361704,16.5,0.0,S-b8daaa,Enterprise,0,False,25.0,6783.0,0.0,10.0,0.38461538461538464
A-dbc825,Company_252,EdTech,FR,2024-01-07,partner,Enterprise,19,False,False,6.0,3.9875177304964544,49.5,1.0,S-cd6bb6,Basic,361,False,92.0,25672.0,11.0,48.0,0.5161290322580645
A-c70870,Company_253,Cybersecurity,US,2024-10-22,partner,Basic,31,False,False,5.0,3.9925106382978726,35.6,0.0,S-6eeae1,Pro,4606,False,18.0,5975.0,3.0,5.0,0.2631578947368421
A-7c4956,Company_254,DevTools,US,2023-05-06,ads,Enterprise,5,False,True,3.0,3.9875177304964544,13.666666666666666,0.0,S-6fde5e,Basic,513,False,84.0,20353.0,5.0,0.0,0.0
A-0651a4,Company_255,HealthTech,FR,2024-10-16,organic,Pro,16,False,False,4.0,3.9906382978723407,29.25,0.0,S-8c10c1,Enterprise,12935,False,49.0,13689.0,5.0,29.0,0.58
A-3ce5b8,Company_256,FinTech,IN,2023-09-07,ads,Basic,8,False,True,10.0,3.7943829787234042,42.5,0.0,S-e4a862,Enterprise,0,False,45.0,7868.0,7.0,11.0,0.2391304347826087
A-bd4708,Company_257,FinTech,US,2024-07-21,ads,Pro,37,True,False,4.0,3.7406382978723407,24.0,0.0,S-bd1ee1,Enterprise,7363,False,118.0,38138.0,1.0,12.0,0.10084033613445378
A-993085,Company_258,HealthTech,US,2023-06-01,ads,Basic,31,True,False,4.0,3.7406382978723407,46.5,0.0,S-0455a5,Enterprise,8358,True,31.0,4423.0,4.0,0.0,0.0
A-92a3af,Company_259,Cybersecurity,IN,2024-07-07,organic,Enterprise,25,False,False,4.0,3.9906382978723407,57.5,1.0,S-9a065e,Pro,1225,False,16.0,7496.0,4.0,8.0,0.47058823529411764
A-151c9a,Company_260,FinTech,US,2023-01-27,ads,Enterprise,23,False,False,2.0,3.5,31.0,0.0,S-c033fa,Pro,2548,False,68.0,25324.0,4.0,0.0,0.0
A-474ad4,Company_261,EdTech,US,2023-11-28,organic,Basic,8,False,False,3.0,4.320851063829788,33.0,1.0,S-d88b25,Enterprise,4776,False,9.0,297.0,0.0,0.0,0.0
A-4ef964,Company_262,HealthTech,US,2024-03-07,organic,Pro,17,False,False,3.0,3.993758865248227,42.666666666666664,0.0,S-7d651b,Pro,1372,False,23.0,6699.0,6.0,0.0,0.0
A-fd9422,Company_263,Cybersecurity,US,2024-04-04,organic,Pro,58,False,False,6.0,3.5,44.333333333333336,1.0,S-b03125,Pro,2842,False,119.0,35285.0,10.0,14.0,0.11666666666666667
A-0baac2,Company_264,FinTech,DE,2024-05-30,organic,Enterprise,14,False,True,6.0,4.157304964539008,43.5,0.0,S-33df6f,Enterprise,2786,True,36.0,10060.0,1.0,0.0,0.0
A-bb1486,Company_265,HealthTech,US,2024-11-05,organic,Basic,41,False,False,3.0,3.654184397163121,11.0,0.0,S-bae2c4,Pro,3283,False,16.0,6479.0,0.0,0.0,0.0
A-560d27,Company_266,DevTools,US,2024-05-05,organic,Pro,23,False,False,4.0,3.7453191489361704,30.75,0.0,S-f3f2bd,Basic,0,False,34.0,10636.0,2.0,0.0,0.0
A-0b0d6d,Company_267,DevTools,US,2024-12-30,organic,Pro,3,False,False,5.0,3.988765957446809,31.4,1.0,S-5c4dd7,Pro,1029,False,46.0,19396.0,3.0,7.0,0.14893617021276595
A-2789e3,Company_268,FinTech,US,2024-09-14,partner,Enterprise,11,False,False,4.0,3.9953191489361704,47.25,0.0,S-cf30e2,Pro,0,False,58.0,13079.0,0.0,0.0,0.0
A-b07346,Company_269,HealthTech,US,2024-10-10,partner,Pro,51,False,True,3.0,3.660425531914894,42.333333333333336,0.0,S-fd04d6,Enterprise,0,False,77.0,31437.0,7.0,0.0,0.0
A-902ef7,Company_270,HealthTech,US,2024-09-03,other,Enterprise,83,False,True,2.0,3.9906382978723407,48.5,0.0,S-b6aabe,Basic,1577,False,11.0,5643.0,3.0,0.0,0.0
A-20736a,Company_271,EdTech,IN,2024-03-16,organic,Enterprise,50,False,False,4.0,3.75,42.25,0.0,S-62f5b1,Enterprise,9950,False,45.0,13466.0,2.0,14.0,0.30434782608695654
A-e4bf56,Company_272,HealthTech,IN,2024-10-28,ads,Pro,17,False,True,8.0,3.7453191489361704,29.125,0.0,S-51569a,Enterprise,4378,False,61.0,18603.0,0.0,0.0,0.0
A-cea1f0,Company_273,FinTech,US,2024-04-07,event,Pro,8,False,True,5.0,4.192510638297873,42.2,0.0,S-b59bff,Enterprise,1592,False,39.0,12135.0,1.0,0.0,0.0
A-ef84cf,Company_274,EdTech,US,2024-03-01,partner,Enterprise,8,False,False,5.0,4.192510638297873,34.8,1.0,S-1ffdd8,Basic,152,False,69.0,17554.0,1.0,24.0,0.34285714285714286
A-d49cc5,Company_275,Cybersecurity,FR,2023-09-19,event,Basic,50,False,False,4.0,4.240638297872341,32.0,0.0,S-8317da,Basic,950,False,74.0,23014.0,4.0,0.0,0.0
A-67be94,Company_276,EdTech,US,2023-04-04,organic,Enterprise,26,False,False,5.0,3.988765957446809,38.6,0.0,S-a707da,Pro,1274,False,29.0,7568.0,4.0,7.0,0.23333333333333334
A-4e960a,Company_277,FinTech,US,2024-01-17,other,Enterprise,12,True,True,6.0,3.9906382978723407,29.166666666666668,0.0,S-a87ff6,Basic,228,False,41.0,7944.0,5.0,6.0,0.14285714285714285
A-c37cab,Company_278,Cybersecurity,UK,2024-07-29,event,Pro,13,False,False,4.0,3.75,33.0,1.0,S-cb853a,Basic,437,False,52.0,13888.0,2.0,0.0,0.0
A-533452,Company_279,DevTools,AU,2024-11-12,organic,Pro,9,False,False,4.0,3.9906382978723407,32.75,0.0,S-8deb5f,Basic,988,False,69.0,19143.0,3.0,0.0,0.0
A-443b7c,Company_280,Cybersecurity,US,2024-09-06,other,Enterprise,1,False,True,8.0,4.2429787234042555,29.25,0.0,S-1e83a6,Basic,152,False,21.0,6984.0,1.0,7.0,0.3181818181818182
A-1f7acb,Company_281,FinTech,UK,2023-08-06,ads,Basic,64,True,False,7.0,4.280364741641337,41.714285714285715,0.0,S-f4a3ac,Enterprise,12736,False,26.0,8609.0,1.0,0.0,0.0
A-f51f16,Company_282,HealthTech,US,2023-12-25,partner,Enterprise,1,False,False,4.0,3.4906382978723407,29.25,0.0,S-e90e70,Basic,38,False,36.0,13688.0,2.0,0.0,0.0
A-5a3eb9,Company_283,DevTools,CA,2023-08-20,other,Enterprise,18,True,False,3.0,3.981276595744681,24.0,0.0,S-75c1b4,Pro,882,True,47.0,14025.0,1.0,0.0,0.0
A-5f2961,Company_284,HealthTech,US,2024-11-22,partner,Basic,4,False,False,1.0,3.981276595744681,53.0,0.0,S-8cad7b,Basic,304,False,39.0,14245.0,2.0,0.0,0.0
A-417d2f,Company_285,Cybersecurity,IN,2023-07-04,partner,Pro,4,True,False,6.0,4.157304964539008,43.5,0.0,S-0a3e58,Pro,1617,False,23.0,4612.0,2.0,0.0,0.0
A-e98302,Company_286,EdTech,US,2023-12-26,ads,Enterprise,16,True,False,9.0,4.106950354609929,44.44444444444444,0.0,S-008f3c,Pro,2842,True,6.0,1950.0,0.0,0.0,0.0
A-8bde0c,Company_287,DevTools,US,2024-11-04,organic,Basic,12,False,False,3.0,3.993758865248227,25.666666666666668,0.0,S-937207,Enterprise,2388,False,37.0,16239.0,6.0,6.0,0.15789473684210525
A-bcf87c,Company_288,FinTech,US,2024-06-27,event,Pro,10,False,True,2.0,4.0,63.0,0.0,S-c555c4,Enterprise,3383,False,31.0,14447.0,0.0,0.0,0.0
A-54ecc2,Company_289,Cybersecurity,US,2023-06-11,partner,Enterprise,4,False,False,5.0,4.388765957446809,37.4,0.0,S-eea643,Enterprise,5572,False,51.0,18984.0,2.0,0.0,0.0
A-625d0b,Company_290,EdTech,AU,2024-09-02,ads,Basic,9,False,False,5.0,3.785021276595745,48.4,0.0,S-29ec80,Enterprise,1791,False,42.0,10465.0,1.0,0.0,0.0
A-fce879,Company_291,EdTech,UK,2024-09-24,partner,Pro,10,True,True,2.0,4.0,28.0,0.0,S-b147b9,Basic,399,False,52.0,8974.0,2.0,0.0,0.0
A-b07b56,Company_292,DevTools,US,2024-11-08,event,Pro,25,False,True,4.0,3.7359574468085106,31.25,0.0,S-80dc6b,Basic,0,False,14.0,2401.0,3.0,0.0,0.0
A-6da850,Company_293,FinTech,IN,2023-10-07,organic,Pro,5,False,False,5.0,3.9850212765957442,49.0,0.0,S-42aaf0,Basic,114,True,40.0,8021.0,2.0,0.0,0.0
A-342303,Company_294,EdTech,US,2024-03-16,other,Pro,1,True,False,3.0,4.3270921985815605,29.333333333333332,0.0,S-52d03a,Enterprise,0,False,53.0,8571.0,1.0,7.0,0.12962962962962962
A-e7a1e2,Company_295,Cybersecurity,US,2024-06-23,event,Enterprise,3,False,False,1.0,4.0,45.0,0.0,S-df69fe,Enterprise,8756,False,35.0,8045.0,0.0,0.0,0.0
A-f1f639,Company_296,EdTech,US,2023-02-26,ads,Basic,2,False,False,7.0,4.566079027355623,20.0,0.0,S-f52fd6,Enterprise,1791,False,55.0,16264.0,8.0,0.0,0.0
A-a865bd,Company_297,Cybersecurity,US,2023-09-19,organic,Pro,38,False,False,2.0,3.4906382978723407,31.5,0.0,S-018501,Pro,2744,False,62.0,16314.0,3.0,9.0,0.14285714285714285
A-4e631b,Company_298,FinTech,US,2024-03-16,other,Enterprise,22,False,False,2.0,3.9906382978723407,24.5,0.0,S-f5888c,Basic,418,False,62.0,13059.0,1.0,0.0,0.0
A-7f6b86,Company_299,HealthTech,US,2023-08-24,partner,Basic,45,True,True,7.0,3.8464437689969606,40.42857142857143,0.0,S-5ddf8d,Basic,855,False,92.0,30121.0,0.0,10.0,0.10752688172043011
A-8adedc,Company_300,EdTech,US,2024-02-11,event,Basic,4,True,True,4.0,3.985957446808511,49.25,0.0,S-26deeb,Pro,3332,False,19.0,5387.0,0.0,0.0,0.0
A-2edab2,Company_301,HealthTech,US,2023-11-17,event,Enterprise,17,False,False,4.0,3.7359574468085106,30.0,0.0,S-f73a84,Pro,833,False,51.0,10033.0,2.0,0.0,0.0
A-149a69,Company_302,DevTools,US,2024-10-17,event,Basic,34,False,False,8.0,4.1179787234042555,33.875,0.0,S-4c5456,Basic,646,False,54.0,16473.0,5.0,0.0,0.0
A-a6d261,Company_303,FinTech,CA,2023-11-29,other,Pro,9,False,False,4.0,4.49531914893617,40.0,1.0,S-58d2c8,Basic,247,False,51.0,20107.0,1.0,0.0,0.0
A-443f6f,Company_304,Cybersecurity,US,2024-12-07,organic,Basic,19,False,False,4.0,4.49531914893617,28.0,0.0,S-e86a94,Pro,931,False,26.0,8486.0,0.0,0.0,0.0
A-202b67,Company_305,HealthTech,US,2024-03-22,organic,Pro,11,False,False,4.0,4.49531914893617,36.75,0.0,S-b5162d,Enterprise,5771,False,0.0,0.0,0.0,0.0,0.0
A-00bed1,Company_306,Cybersecurity,US,2023-11-14,ads,Basic,28,True,False,4.0,3.9859574468085106,31.75,0.0,S-289702,Enterprise,5572,False,16.0,4272.0,3.0,0.0,0.0
A-ffc04f,Company_307,EdTech,US,2024-06-06,ads,Pro,13,False,False,7.0,4.277689969604864,17.714285714285715,1.0,S-e27a20,Basic,247,False,59.0,17018.0,9.0,8.0,0.13333333333333333
A-65c341,Company_308,FinTech,US,2023-12-26,ads,Pro,11,True,False,5.0,3.985021276595745,41.4,0.0,S-71827b,Pro,1911,True,32.0,9334.0,0.0,0.0,0.0
A-dcc2f0,Company_309,FinTech,UK,2023-07-22,organic,Basic,15,False,False,2.0,3.981276595744681,27.0,0.0,S-ff1b11,Basic,608,False,62.0,18274.0,2.0,9.0,0.14285714285714285
A-ced9aa,Company_310,DevTools,US,2024-10-05,other,Enterprise,3,False,False,7.0,3.8410942249240123,28.857142857142858,0.0,S-a72188,Pro,147,False,34.0,9245.0,5.0,0.0,0.0
A-3d957b,Company_311,HealthTech,UK,2024-04-04,other,Pro,14,False,False,3.0,3.654184397163121,41.333333333333336,0.0,S-2cc962,Enterprise,2786,False,22.0,6610.0,2.0,0.0,0.0
A-89ee83,Company_312,Cybersecurity,US,2024-10-04,organic,Pro,1,False,True,5.0,3.9925106382978726,21.8,1.0,S-bf304b,Enterprise,3582,False,27.0,6055.0,1.0,0.0,0.0
A-883b7d,Company_313,Cybersecurity,IN,2024-03-28,other,Basic,17,False,False,7.0,3.708936170212766,25.571428571428573,1.0,S-8bb388,Enterprise,9950,False,65.0,19757.0,4.0,0.0,0.0
A-dcc3f1,Company_314,HealthTech,US,2023-12-27,event,Pro,21,False,False,9.0,3.880567375886525,35.666666666666664,0.0,S-3dc066,Basic,399,False,46.0,11380.0,4.0,0.0,0.0
A-c62e55,Company_315,EdTech,US,2023-02-08,partner,Basic,1,True,False,4.0,3.9953191489361704,27.5,0.0,S-2c3d7d,Pro,686,False,32.0,6285.0,2.0,11.0,0.3333333333333333
A-e4144b,Company_316,EdTech,UK,2024-10-22,other,Pro,41,False,False,3.0,3.993758865248227,57.0,0.0,S-35c8a3,Enterprise,8159,False,33.0,7866.0,1.0,6.0,0.17647058823529413
A-e40f45,Company_317,HealthTech,US,2024-04-18,organic,Pro,21,False,False,7.0,4.132158054711247,26.714285714285715,0.0,S-326691,Basic,399,True,85.0,27270.0,6.0,15.0,0.1744186046511628
A-96215d,Company_318,FinTech,US,2024-08-08,event,Enterprise,10,False,False,1.0,3.0,25.0,0.0,S-cd8a6a,Pro,490,False,54.0,19643.0,4.0,9.0,0.16363636363636364
A-2b9d3e,Company_319,EdTech,US,2023-06-04,partner,Enterprise,1,False,False,3.0,4.320851063829788,34.666666666666664,0.0,S-1e3a06,Enterprise,398,False,59.0,17000.0,3.0,0.0,0.0
A-b7724f,Company_320,HealthTech,UK,2023-03-28,organic,Basic,1,False,False,3.0,3.3270921985815605,28.666666666666668,0.0,S-d9f26e,Basic,551,False,75.0,27019.0,1.0,10.0,0.13157894736842105
A-310452,Company_321,DevTools,FR,2024-12-25,other,Enterprise,9,False,False,5.0,3.6,34.2,0.0,S-183460,Basic,171,False,71.0,14677.0,0.0,0.0,0.0
A-eb1312,Company_322,FinTech,US,2024-09-16,partner,Pro,25,False,False,1.0,5.0,68.0,0.0,S-29ccb8,Basic,475,False,58.0,13901.0,5.0,9.0,0.15254237288135594
A-df1e44,Company_323,Cybersecurity,UK,2024-02-23,organic,Enterprise,12,False,False,2.0,4.490638297872341,53.0,0.0,S-938952,Pro,588,False,33.0,10416.0,1.0,0.0,0.0
A-6a7c9d,Company_324,Cybersecurity,US,2024-10-24,organic,Enterprise,26,False,True,3.0,3.993758865248227,34.333333333333336,0.0,S-c0820a,Pro,1274,False,22.0,11072.0,2.0,0.0,0.0
A-cbd1a3,Company_325,DevTools,US,2024-11-25,other,Basic,6,False,True,4.0,3.9906382978723407,34.5,0.0,S-dc77b7,Basic,380,False,49.0,8843.0,2.0,11.0,0.22
A-a8d89d,Company_326,EdTech,US,2023-12-08,ads,Pro,13,False,False,2.0,4.490638297872341,44.5,0.0,S-3a5c75,Basic,323,False,13.0,4355.0,0.0,0.0,0.0
A-600734,Company_327,DevTools,US,2023-11-14,organic,Pro,29,True,True,7.0,3.8464437689969606,52.57142857142857,1.0,S-de9b4b,Pro,1764,False,31.0,13600.0,1.0,8.0,0.25
A-86fc1d,Company_328,DevTools,UK,2024-07-26,partner,Basic,26,False,False,5.0,3.988765957446809,27.0,0.0,S-1a3627,Basic,0,False,25.0,7547.0,0.0,0.0,0.0
A-78f02b,Company_329,HealthTech,US,2024-11-17,event,Enterprise,11,False,False,4.0,3.9953191489361704,45.75,0.0,S-b37b2a,Pro,539,False,45.0,8961.0,9.0,6.0,0.13043478260869565
A-acb7f7,Company_330,EdTech,US,2024-01-06,ads,Basic,32,False,False,3.0,3.660425531914894,41.0,0.0,S-eb4b0a,Basic,608,False,59.0,20258.0,2.0,10.0,0.16666666666666666
A-712f1c,Company_331,DevTools,US,2023-12-16,ads,Basic,17,False,True,6.0,3.993758865248227,41.666666666666664,0.0,S-19029a,Pro,833,False,81.0,19625.0,1.0,21.0,0.25609756097560976
A-3793ee,Company_332,Cybersecurity,CA,2023-03-21,organic,Enterprise,49,True,False,4.0,3.9859574468085106,43.75,0.0,S-efdeae,Enterprise,9751,False,12.0,5716.0,0.0,0.0,0.0
A-9a532a,Company_333,HealthTech,US,2024-07-06,partner,Enterprise,11,False,False,2.0,3.981276595744681,57.5,0.0,S-2ccc04,Enterprise,2189,False,111.0,48557.0,5.0,0.0,0.0
A-2ebb4b,Company_334,HealthTech,US,2023-05-15,ads,Basic,41,False,False,2.0,3.0,43.5,0.0,S-3c87b4,Pro,2009,False,85.0,17456.0,6.0,16.0,0.18604651162790697
A-6843f2,Company_335,HealthTech,CA,2024-12-10,ads,Enterprise,21,False,False,2.0,3.0,36.5,0.0,S-f9b4d8,Pro,1029,False,9.0,3951.0,0.0,0.0,0.0
A-c9bb3e,Company_336,EdTech,US,2024-03-24,ads,Pro,5,False,False,7.0,4.137507598784195,27.714285714285715,1.0,S-4df6ec,Basic,190,False,9.0,3996.0,1.0,0.0,0.0
A-4814a3,Company_337,Cybersecurity,IN,2024-09-17,event,Basic,87,False,True,4.0,3.9859574468085106,18.75,1.0,S-cd6d68,Pro,4263,False,46.0,12688.0,0.0,14.0,0.2978723404255319
A-b7b7b7,Company_338,FinTech,US,2024-06-30,event,Basic,24,False,True,3.0,4.6604255319148935,17.0,0.0,S-1c2a4a,Pro,1176,False,43.0,10961.0,4.0,0.0,0.0
A-ccc747,Company_339,HealthTech,FR,2024-01-12,event,Pro,16,False,True,4.0,4.235957446808511,32.25,1.0,S-934bd4,Basic,304,False,77.0,23337.0,6.0,0.0,0.0
A-bb3bd4,Company_340,HealthTech,US,2024-01-27,ads,Basic,23,False,False,11.0,4.0841005802707935,32.72727272727273,0.0,S-550202,Basic,437,False,53.0,22589.0,0.0,14.0,0.25925925925925924
A-09316c,Company_341,FinTech,AU,2024-09-11,organic,Enterprise,70,False,False,4.0,3.75,54.75,1.0,S-d98caa,Enterprise,13930,False,33.0,10730.0,2.0,0.0,0.0
A-96bbc6,Company_342,Cybersecurity,US,2024-05-07,organic,Enterprise,39,False,False,3.0,3.3333333333333335,51.333333333333336,0.0,S-0bccd9,Basic,741,False,75.0,21142.0,2.0,16.0,0.21052631578947367
A-bc4d48,Company_343,EdTech,US,2024-06-12,ads,Pro,35,True,False,6.0,4.16354609929078,41.166666666666664,1.0,S-03bfa3,Basic,665,False,59.0,14571.0,0.0,10.0,0.16666666666666666
A-b30291,Company_344,HealthTech,US,2024-04-05,event,Basic,5,True,True,1.0,3.981276595744681,16.0,0.0,S-d92159,Pro,245,False,102.0,29906.0,1.0,13.0,0.1262135922330097
A-cdf020,Company_345,DevTools,AU,2023-08-16,organic,Pro,23,False,False,4.0,3.9953191489361704,29.5,0.0,S-d031a4,Pro,2156,False,24.0,10332.0,0.0,0.0,0.0
A-e6afc1,Company_346,DevTools,US,2023-02-24,ads,Pro,1,False,False,0.0,3.0,0.0,0.0,S-aaed3e,Pro,0,False,111.0,38765.0,8.0,0.0,0.0
A-e3bd71,Company_347,Cybersecurity,US,2023-03-25,partner,Basic,31,False,False,4.0,3.9906382978723407,30.25,0.0,S-eccbe0,Pro,1519,False,68.0,10270.0,1.0,0.0,0.0
A-b179bf,Company_348,Cybersecurity,IN,2024-10-27,ads,Basic,43,False,False,6.0,3.9843971631205672,24.666666666666668,0.0,S-01ae7f,Pro,0,False,100.0,32495.0,4.0,0.0,0.0
A-098560,Company_349,DevTools,UK,2023-10-21,ads,Enterprise,1,False,True,2.0,3.0,28.0,1.0,S-27c993,Enterprise,796,False,30.0,11520.0,4.0,0.0,0.0
A-82861f,Company_350,DevTools,UK,2024-04-25,organic,Basic,41,False,False,5.0,3.2,24.4,0.0,S-c51ab8,Enterprise,8159,False,56.0,15715.0,6.0,11.0,0.19298245614035087
A-94c3cd,Company_351,FinTech,CA,2023-09-20,other,Enterprise,32,False,False,4.0,3.7406382978723407,44.75,1.0,S-c43200,Enterprise,6368,False,50.0,16098.0,0.0,0.0,0.0
A-a33200,Company_352,HealthTech,US,2024-09-15,partner,Basic,29,False,False,3.0,4.3270921985815605,36.333333333333336,0.0,S-ba228b,Basic,551,False,51.0,19212.0,0.0,16.0,0.3076923076923077
A-034368,Company_353,EdTech,US,2023-11-05,event,Enterprise,19,False,False,5.0,3.988765957446809,41.2,0.0,S-cc80ee,Enterprise,4577,False,71.0,22013.0,8.0,7.0,0.09722222222222222
A-b54c01,Company_354,DevTools,US,2024-09-29,event,Enterprise,29,False,False,5.0,3.588765957446809,42.6,0.0,S-175429,Basic,551,False,69.0,20351.0,6.0,0.0,0.0
A-d82ef9,Company_355,EdTech,UK,2024-07-02,other,Basic,26,False,True,5.0,4.1962553191489365,39.8,1.0,S-5aff5f,Basic,494,False,24.0,3672.0,9.0,9.0,0.36
A-bb2f49,Company_356,Cybersecurity,US,2023-05-28,other,Pro,8,False,False,3.0,3.993758865248227,22.333333333333332,0.0,S-e44831,Pro,1372,False,74.0,19334.0,5.0,0.0,0.0
A-1f559b,Company_357,HealthTech,US,2023-09-04,organic,Enterprise,5,True,True,5.0,4.2,50.4,0.0,S-6754a4,Basic,190,False,57.0,22513.0,6.0,0.0,0.0
A-5a215a,Company_358,EdTech,FR,2024-01-05,other,Enterprise,87,False,False,4.0,3.9953191489361704,29.5,0.0,S-878fe0,Pro,4263,False,34.0,11626.0,4.0,0.0,0.0
A-3f9cc0,Company_359,HealthTech,US,2024-06-03,event,Basic,22,False,False,5.0,4.188765957446809,34.8,1.0,S-d1fb2e,Enterprise,5970,False,107.0,38612.0,4.0,0.0,0.0
A-f9cc74,Company_360,DevTools,FR,2024-10-12,partner,Enterprise,30,True,False,6.0,3.9968794326241137,49.833333333333336,0.0,S-e33883,Pro,0,False,55.0,17292.0,1.0,0.0,0.0
A-ed510f,Company_361,Cybersecurity,IN,2023-01-17,partner,Basic,42,False,False,9.0,3.989598108747045,44.55555555555556,0.0,S-3d4f7a,Pro,2058,False,27.0,11285.0,0.0,0.0,0.0
A-5c9849,Company_362,EdTech,IN,2024-11-03,partner,Basic,19,False,False,4.0,3.981276595744681,59.5,1.0,S-240a09,Pro,931,False,76.0,24734.0,11.0,0.0,0.0
A-a7bd4b,Company_363,Cybersecurity,US,2023-02-15,ads,Enterprise,5,False,False,6.0,3.493758865248227,36.833333333333336,0.0,S-711528,Basic,342,False,36.0,9362.0,2.0,0.0,0.0
A-d4ac0e,Company_364,DevTools,UK,2024-04-20,ads,Basic,18,False,False,4.0,3.7406382978723407,21.0,0.0,S-b76ba6,Pro,882,False,43.0,16083.0,5.0,6.0,0.13636363636363635
A-ffdfd5,Company_365,EdTech,US,2024-04-13,organic,Basic,3,False,True,0.0,3.0,0.0,0.0,S-ef7534,Pro,147,True,69.0,19803.0,6.0,11.0,0.15714285714285714
A-0dbdc6,Company_366,Cybersecurity,DE,2023-02-12,other,Pro,30,False,True,4.0,4.235957446808511,47.0,0.0,S-de3416,Pro,2303,False,123.0,41026.0,5.0,0.0,0.0
A-7cfe77,Company_367,DevTools,US,2024-07-10,ads,Pro,69,False,False,7.0,3.706261398176292,30.714285714285715,0.0,S-bd5207,Basic,1311,False,45.0,14524.0,2.0,0.0,0.0
A-1f0636,Company_368,EdTech,AU,2024-01-01,partner,Pro,105,False,False,2.0,3.5,38.5,0.0,S-c62428,Enterprise,20895,False,99.0,40357.0,2.0,11.0,0.11
A-40de06,Company_369,Cybersecurity,US,2023-05-08,event,Enterprise,28,False,True,3.0,3.9875177304964544,40.333333333333336,0.0,S-f52c97,Basic,532,False,72.0,11616.0,2.0,0.0,0.0
A-cb5333,Company_370,DevTools,US,2024-03-26,ads,Pro,33,False,False,4.0,3.7359574468085106,30.75,0.0,S-74704b,Pro,1617,False,42.0,15968.0,2.0,0.0,0.0
A-309e54,Company_371,DevTools,US,2024-12-09,other,Pro,15,False,False,5.0,3.785021276595745,23.8,0.0,S-e98d6b,Basic,285,False,53.0,16227.0,4.0,8.0,0.14814814814814814
A-6e7827,Company_372,DevTools,US,2023-03-26,other,Basic,1,False,False,2.0,3.5,51.0,0.0,S-22083e,Pro,833,False,79.0,26250.0,3.0,0.0,0.0
A-50bb9f,Company_373,Cybersecurity,US,2024-07-12,organic,Pro,2,False,False,7.0,3.989300911854104,33.285714285714285,0.0,S-b279c9,Pro,2646,False,0.0,0.0,0.0,0.0,0.0
A-5fe118,Company_374,Cybersecurity,US,2024-11-07,other,Enterprise,39,False,False,1.0,4.0,19.0,0.0,S-6c6e62,Basic,0,False,61.0,16195.0,2.0,0.0,0.0
A-5247b3,Company_375,FinTech,UK,2024-03-12,partner,Pro,16,True,False,5.0,3.9925106382978726,45.8,0.0,S-d0429b,Basic,1406,False,36.0,6598.0,1.0,0.0,0.0
A-f44180,Company_376,Cybersecurity,UK,2023-02-13,event,Pro,9,False,False,2.0,5.0,46.5,0.0,S-029c20,Basic,0,False,68.0,19611.0,4.0,0.0,0.0
A-c16cf7,Company_377,EdTech,US,2024-10-16,event,Pro,13,True,False,3.0,3.660425531914894,48.333333333333336,0.0,S-6b9696,Basic,665,False,48.0,13856.0,4.0,0.0,0.0
A-d42431,Company_378,FinTech,FR,2024-06-09,ads,Enterprise,22,True,False,4.0,3.9906382978723407,24.25,0.0,S-48ce17,Enterprise,4378,False,54.0,12798.0,1.0,0.0,0.0
A-6965e1,Company_379,DevTools,US,2024-11-25,organic,Basic,13,False,False,3.0,3.654184397163121,39.0,0.0,S-dacc80,Basic,247,False,97.0,31175.0,0.0,0.0,0.0
A-0354fe,Company_380,Cybersecurity,US,2024-10-22,other,Basic,34,False,False,4.0,3.9906382978723407,20.0,0.0,S-9ea111,Enterprise,6766,False,49.0,14484.0,1.0,9.0,0.18
A-0a62f5,Company_381,FinTech,UK,2024-09-11,partner,Pro,16,False,False,2.0,3.981276595744681,33.5,0.0,S-d8c527,Basic,475,False,53.0,14594.0,2.0,0.0,0.0
A-f5641b,Company_382,EdTech,US,2024-03-30,other,Pro,31,False,False,4.0,3.4906382978723407,47.5,1.0,S-9a115f,Enterprise,8955,False,35.0,14825.0,2.0,0.0,0.0
A-b44e3e,Company_383,Cybersecurity,UK,2024-02-12,ads,Basic,40,False,False,3.0,4.333333333333333,40.0,0.0,S-f22b7f,Enterprise,7960,True,27.0,10664.0,2.0,0.0,0.0
A-3b37d9,Company_384,FinTech,US,2023-01-27,event,Enterprise,23,False,False,5.0,4.188765957446809,36.0,0.0,S-3af70e,Enterprise,4577,False,98.0,28471.0,4.0,0.0,0.0
A-54d94a,Company_385,Cybersecurity,IN,2023-05-01,event,Basic,27,False,False,4.0,3.7406382978723407,53.75,0.0,S-6d6ab6,Basic,513,False,71.0,18135.0,3.0,12.0,0.16666666666666666
A-7f29a7,Company_386,Cybersecurity,UK,2024-09-18,event,Basic,41,True,False,1.0,4.0,24.0,0.0,S-fcbd92,Pro,2009,False,88.0,13361.0,3.0,11.0,0.12359550561797752
A-089363,Company_387,FinTech,AU,2023-05-06,event,Basic,2,False,False,3.0,3.6666666666666665,35.0,0.0,S-00b0bc,Enterprise,0,False,4.0,2304.0,0.0,0.0,0.0
A-524364,Company_388,DevTools,FR,2024-12-31,partner,Enterprise,3,False,False,3.0,4.333333333333333,47.666666666666664,0.0,S-47b86b,Pro,539,False,39.0,14151.0,4.0,0.0,0.0
A-855a48,Company_389,EdTech,US,2023-12-22,partner,Pro,14,True,False,5.0,3.7925106382978724,39.6,0.0,S-c1316c,Enterprise,11940,False,46.0,6403.0,0.0,0.0,0.0
A-756192,Company_390,FinTech,IN,2023-06-11,other,Basic,19,False,False,3.0,3.993758865248227,37.333333333333336,0.0,S-e89b90,Pro,1862,False,85.0,27496.0,7.0,0.0,0.0
A-49b828,Company_391,FinTech,IN,2023-05-05,ads,Pro,6,False,False,3.0,3.660425531914894,13.666666666666666,1.0,S-f3d5d7,Enterprise,3980,False,37.0,8912.0,3.0,0.0,0.0
A-c7ffc2,Company_392,Cybersecurity,US,2023-01-27,partner,Pro,30,True,False,2.0,3.4906382978723407,64.0,0.0,S-8a7e47,Basic,931,False,43.0,15466.0,2.0,0.0,0.0
A-751c58,Company_393,FinTech,UK,2024-07-18,organic,Basic,15,False,False,5.0,4.192510638297873,39.6,0.0,S-f497df,Basic,1349,False,27.0,10271.0,0.0,0.0,0.0
A-72799b,Company_394,DevTools,FR,2023-11-13,event,Enterprise,20,False,True,2.0,4.5,33.5,1.0,S-89a8a2,Pro,2989,False,32.0,13456.0,4.0,9.0,0.2727272727272727
A-812c5b,Company_395,DevTools,CA,2024-02-25,organic,Basic,55,False,True,4.0,3.9906382978723407,27.0,0.0,S-542c37,Pro,2695,False,51.0,12001.0,3.0,0.0,0.0
A-69b156,Company_396,EdTech,US,2023-11-21,other,Pro,7,False,True,7.0,3.9919756838905776,32.0,0.0,S-c2f293,Basic,152,True,21.0,2968.0,0.0,10.0,0.45454545454545453
A-075038,Company_397,HealthTech,UK,2023-05-12,ads,Basic,17,False,False,2.0,3.0,43.5,0.0,S-da7360,Basic,798,False,48.0,14973.0,3.0,0.0,0.0
A-940b8b,Company_398,HealthTech,DE,2024-03-19,organic,Basic,1,False,False,3.0,3.993758865248227,41.333333333333336,0.0,S-b7cbc2,Enterprise,0,False,71.0,22828.0,7.0,0.0,0.0
A-2d1036,Company_399,FinTech,US,2024-06-14,ads,Pro,69,False,True,5.0,4.6,37.8,1.0,S-b95aac,Pro,3381,False,28.0,3420.0,4.0,0.0,0.0
A-0f6450,Company_400,FinTech,US,2024-12-27,other,Pro,28,True,True,8.0,3.8703191489361704,29.75,1.0,S-9c9700,Basic,532,False,44.0,15978.0,3.0,0.0,0.0
A-9affe6,Company_401,Cybersecurity,US,2023-03-22,other,Pro,7,False,False,3.0,3.654184397163121,58.0,0.0,S-01daf5,Pro,1127,False,68.0,17944.0,1.0,16.0,0.2318840579710145
A-80eeb6,Company_402,Cybersecurity,UK,2023-05-09,organic,Enterprise,22,False,False,4.0,3.7453191489361704,40.25,1.0,S-88cc86,Enterprise,4378,True,23.0,6850.0,0.0,0.0,0.0
A-d4e0d4,Company_403,FinTech,US,2024-10-18,other,Basic,117,False,False,4.0,3.9906382978723407,39.25,0.0,S-61cc6f,Enterprise,23283,False,48.0,12953.0,2.0,0.0,0.0
A-c7e58b,Company_404,HealthTech,IN,2023-06-25,other,Pro,3,False,False,5.0,3.5962553191489364,30.6,0.0,S-9e64bd,Pro,0,False,36.0,14967.0,4.0,0.0,0.0
A-016043,Company_405,EdTech,CA,2024-07-31,organic,Basic,4,True,False,3.0,3.9875177304964544,30.333333333333332,0.0,S-8985d3,Basic,494,False,52.0,13499.0,5.0,0.0,0.0
A-bbe56f,Company_406,HealthTech,US,2023-02-16,ads,Enterprise,21,False,False,4.0,3.9953191489361704,26.25,0.0,S-f29e7f,Basic,418,False,69.0,12487.0,7.0,15.0,0.21428571428571427
A-7c5768,Company_407,HealthTech,UK,2024-03-02,event,Enterprise,3,False,False,5.0,3.9925106382978726,28.8,0.0,S-c0789c,Enterprise,0,False,50.0,12484.0,2.0,0.0,0.0
A-751bd4,Company_408,Cybersecurity,UK,2024-07-12,partner,Pro,10,False,False,6.0,4.1604255319148935,23.166666666666668,1.0,S-d56a2c,Pro,0,False,80.0,26599.0,0.0,30.0,0.37037037037037035
A-4e0e85,Company_409,DevTools,US,2023-09-08,organic,Enterprise,6,False,False,2.0,4.490638297872341,53.0,0.0,S-1eba7d,Enterprise,0,False,51.0,16717.0,1.0,0.0,0.0
A-ad3abd,Company_410,FinTech,US,2023-03-03,event,Pro,44,False,False,3.0,3.3270921985815605,13.0,0.0,S-fa2170,Pro,2156,False,70.0,22852.0,4.0,7.0,0.09859154929577464
A-e19ff6,Company_411,Cybersecurity,UK,2023-07-28,partner,Enterprise,1,False,False,3.0,4.666666666666667,30.666666666666668,0.0,S-d90f0a,Pro,1274,False,20.0,8759.0,3.0,0.0,0.0
A-7920cc,Company_412,Cybersecurity,FR,2023-11-23,ads,Pro,39,False,False,7.0,4.132158054711247,32.857142857142854,0.0,S-b7d290,Enterprise,13731,False,72.0,21030.0,4.0,23.0,0.3150684931506849
A-5a92e7,Company_413,HealthTech,US,2024-06-11,ads,Pro,4,False,False,7.0,4.280364741641337,45.0,0.0,S-51673a,Pro,0,False,42.0,17256.0,0.0,0.0,0.0
A-fdfc91,Company_414,Cybersecurity,US,2023-05-06,ads,Basic,29,False,False,5.0,3.7925106382978724,28.8,0.0,S-53e028,Basic,2109,False,25.0,8981.0,0.0,0.0,0.0
A-1e50e0,Company_415,Cybersecurity,DE,2023-02-21,other,Pro,19,True,True,2.0,4.490638297872341,20.5,1.0,S-f9c661,Enterprise,3781,False,58.0,27542.0,0.0,0.0,0.0
A-1e1b80,Company_416,FinTech,CA,2023-09-12,other,Enterprise,50,False,False,6.0,3.3302127659574468,43.0,0.0,S-c96d86,Basic,950,False,62.0,22758.0,3.0,0.0,0.0
A-659280,Company_417,FinTech,IN,2023-11-17,event,Enterprise,13,True,True,4.0,4.24531914893617,8.0,0.0,S-f83141,Basic,0,False,92.0,26532.0,5.0,26.0,0.27956989247311825
A-f6b2fb,Company_418,DevTools,AU,2024-04-23,event,Basic,23,False,False,5.0,3.9925106382978726,55.0,1.0,S-ada718,Basic,437,False,92.0,24323.0,5.0,0.0,0.0
A-cb6cc6,Company_419,DevTools,US,2023-04-03,ads,Basic,13,True,False,3.0,3.660425531914894,16.333333333333332,0.0,S-9828eb,Pro,1225,False,40.0,14214.0,4.0,0.0,0.0
A-d62e02,Company_420,Cybersecurity,US,2024-08-20,partner,Pro,6,False,False,1.0,4.0,36.0,0.0,S-90d405,Enterprise,1194,False,33.0,16787.0,5.0,0.0,0.0
A-d535f6,Company_421,DevTools,US,2024-09-03,organic,Basic,12,True,True,0.0,3.0,0.0,0.0,S-d538f6,Enterprise,0,False,66.0,23834.0,1.0,9.0,0.13432835820895522
A-39868b,Company_422,FinTech,AU,2024-03-17,partner,Pro,9,False,False,6.0,4.1604255319148935,39.0,0.0,S-87b9f7,Basic,0,False,75.0,34940.0,0.0,24.0,0.3157894736842105
A-3cc791,Company_423,EdTech,US,2024-01-10,other,Enterprise,6,False,False,6.0,4.1604255319148935,48.333333333333336,1.0,S-dbceba,Pro,1764,False,79.0,26846.0,4.0,0.0,0.0
A-337bc1,Company_424,Cybersecurity,US,2023-07-19,organic,Pro,30,True,False,4.0,3.9953191489361704,32.5,1.0,S-28e491,Pro,0,False,98.0,23458.0,7.0,0.0,0.0
A-58b9ff,Company_425,DevTools,IN,2024-05-31,partner,Enterprise,2,False,False,2.0,3.9906382978723407,66.0,1.0,S-150c8e,Pro,1617,False,88.0,22764.0,4.0,12.0,0.1348314606741573
A-bf7919,Company_426,HealthTech,US,2024-11-27,organic,Pro,3,False,False,2.0,4.490638297872341,14.5,0.0,S-615a8a,Enterprise,0,False,49.0,9800.0,3.0,0.0,0.0
A-1d5444,Company_427,Cybersecurity,US,2024-01-18,partner,Basic,24,False,True,2.0,3.9906382978723407,30.0,0.0,S-1b713e,Basic,0,False,23.0,4467.0,0.0,0.0,0.0
A-0f3e88,Company_428,HealthTech,US,2023-07-23,other,Basic,7,False,True,3.0,4.3270921985815605,48.0,0.0,S-5eaab8,Pro,343,True,62.0,26137.0,2.0,15.0,0.23809523809523808
A-7641d3,Company_429,EdTech,US,2023-02-16,partner,Pro,8,True,True,5.0,4.192510638297873,45.2,2.0,S-3b3fac,Basic,190,False,51.0,17597.0,5.0,0.0,0.0
A-cd458b,Company_430,DevTools,US,2024-06-15,other,Basic,10,True,False,5.0,4.6,38.4,0.0,S-5d532c,Enterprise,1990,False,93.0,28669.0,4.0,0.0,0.0
A-c16b88,Company_431,HealthTech,US,2023-12-02,event,Enterprise,23,False,False,3.0,3.654184397163121,48.333333333333336,0.0,S-1682d4,Enterprise,4577,False,42.0,17040.0,5.0,0.0,0.0
A-59f724,Company_432,HealthTech,US,2023-11-03,other,Enterprise,3,True,False,4.0,4.25,19.25,0.0,S-652885,Basic,342,False,46.0,22705.0,5.0,7.0,0.14893617021276595
A-87aa7b,Company_433,HealthTech,US,2024-05-16,organic,Pro,24,True,False,3.0,3.981276595744681,27.333333333333332,1.0,S-09076d,Pro,2499,False,67.0,15480.0,0.0,0.0,0.0
A-1e6fc3,Company_434,EdTech,FR,2023-12-06,other,Pro,1,False,False,5.0,3.7925106382978724,23.8,0.0,S-cb8a5c,Enterprise,199,False,50.0,17981.0,1.0,0.0,0.0
A-39ddf4,Company_435,EdTech,US,2024-12-05,partner,Enterprise,40,False,False,5.0,4.1962553191489365,23.0,0.0,S-cdd281,Enterprise,7960,False,63.0,11065.0,5.0,0.0,0.0
A-34ea2f,Company_436,HealthTech,US,2024-08-15,organic,Enterprise,8,False,True,8.0,3.8679787234042555,35.25,0.0,S-947b62,Enterprise,3184,False,51.0,13192.0,1.0,0.0,0.0
A-716841,Company_437,FinTech,US,2024-05-06,other,Pro,45,False,False,5.0,3.9925106382978726,29.8,0.0,S-83c56d,Enterprise,8955,False,15.0,2690.0,0.0,5.0,0.3125
A-558c72,Company_438,FinTech,US,2023-06-01,organic,Basic,12,False,False,4.0,4.240638297872341,64.25,1.0,S-ebbda6,Pro,735,False,46.0,11945.0,6.0,16.0,0.3404255319148936
A-b11cd0,Company_439,DevTools,US,2023-01-20,ads,Pro,26,True,True,4.0,3.9906382978723407,38.5,0.0,S-9a1297,Pro,1274,False,71.0,31893.0,2.0,0.0,0.0
A-cc1d8d,Company_440,FinTech,US,2024-12-08,other,Pro,5,False,False,5.0,4.188765957446809,30.2,0.0,S-51d8db,Enterprise,1194,False,57.0,14687.0,4.0,6.0,0.10344827586206896
A-7f4db3,Company_441,FinTech,US,2023-03-05,other,Pro,4,False,False,5.0,3.396255319148936,16.6,1.0,S-c92099,Enterprise,4776,True,51.0,16250.0,2.0,0.0,0.0
A-db5e9e,Company_442,DevTools,US,2024-11-09,partner,Basic,4,False,False,2.0,5.0,66.0,0.0,S-23587d,Pro,588,False,65.0,23525.0,6.0,0.0,0.0
A-cc102e,Company_443,HealthTech,US,2024-04-15,partner,Enterprise,13,False,False,4.0,4.24531914893617,33.25,0.0,S-01b2dc,Basic,247,False,59.0,12472.0,9.0,11.0,0.18333333333333332
A-82d8a6,Company_444,Cybersecurity,UK,2024-11-28,ads,Basic,5,False,False,5.0,3.7887659574468087,42.2,0.0,S-9d7c19,Pro,245,True,26.0,3982.0,0.0,0.0,0.0
A-dec005,Company_445,HealthTech,US,2023-10-13,partner,Pro,21,False,False,2.0,3.4906382978723407,59.0,0.0,S-8fd696,Enterprise,10746,True,45.0,13778.0,6.0,0.0,0.0
A-5790f4,Company_446,FinTech,UK,2024-12-22,event,Pro,1,True,False,4.0,3.9859574468085106,44.0,1.0,S-826d19,Enterprise,1592,True,50.0,18075.0,3.0,0.0,0.0
A-7c83a1,Company_447,Cybersecurity,US,2024-05-06,partner,Pro,12,False,False,4.0,4.0,42.0,0.0,S-3c0121,Pro,1176,False,76.0,19808.0,0.0,9.0,0.11688311688311688
A-297a2d,Company_448,HealthTech,UK,2023-05-05,event,Pro,27,False,False,2.0,3.4906382978723407,32.5,0.0,S-4daf2d,Enterprise,5373,False,63.0,17237.0,10.0,0.0,0.0
A-4c56c9,Company_449,FinTech,US,2023-12-20,partner,Enterprise,9,False,True,5.0,3.796255319148936,38.6,0.0,S-1f3254,Basic,342,False,25.0,7233.0,1.0,0.0,0.0
A-cbbe12,Company_450,Cybersecurity,DE,2023-03-22,partner,Enterprise,40,False,False,6.0,4.1604255319148935,38.0,0.0,S-8bf576,Enterprise,7960,False,37.0,5177.0,1.0,11.0,0.2894736842105263
A-4a267b,Company_451,FinTech,US,2024-05-05,other,Pro,25,False,False,4.0,4.24531914893617,16.25,0.0,S-aef18a,Pro,0,False,9.0,1953.0,0.0,0.0,0.0
A-bcbe98,Company_452,Cybersecurity,US,2024-07-29,other,Enterprise,46,False,False,7.0,3.989300911854104,38.285714285714285,1.0,S-e964b6,Basic,874,False,53.0,17123.0,2.0,0.0,0.0
A-427b69,Company_453,FinTech,US,2024-08-23,other,Basic,17,False,False,2.0,3.4906382978723407,31.5,0.0,S-59edf9,Basic,323,False,75.0,22061.0,6.0,17.0,0.2236842105263158
A-0be015,Company_454,FinTech,US,2024-10-15,event,Pro,19,False,False,7.0,4.137507598784195,40.285714285714285,1.0,S-c77c84,Basic,0,False,44.0,16998.0,0.0,0.0,0.0
A-054577,Company_455,EdTech,UK,2024-04-28,ads,Basic,2,False,False,1.0,4.0,46.0,0.0,S-62c088,Enterprise,16915,False,36.0,3541.0,3.0,0.0,0.0
A-bc87bc,Company_456,FinTech,US,2024-07-17,event,Pro,3,False,False,7.0,3.8491185410334348,40.57142857142857,0.0,S-b2f3f3,Basic,152,False,23.0,12468.0,0.0,0.0,0.0
A-0f7d77,Company_457,FinTech,IN,2024-10-28,partner,Pro,3,False,False,5.0,4.388765957446809,27.2,0.0,S-47048b,Basic,133,False,50.0,19528.0,0.0,13.0,0.2549019607843137
A-e7beab,Company_458,EdTech,DE,2023-10-20,organic,Enterprise,5,False,False,6.0,3.993758865248227,36.666666666666664,0.0,S-8ff318,Pro,245,True,71.0,27806.0,2.0,0.0,0.0
A-a09355,Company_459,FinTech,US,2024-08-10,organic,Basic,14,False,False,5.0,3.9925106382978726,32.6,0.0,S-525864,Pro,686,False,47.0,13330.0,1.0,0.0,0.0
A-31ab9a,Company_460,FinTech,DE,2024-03-03,organic,Pro,3,False,False,7.0,3.706261398176292,43.142857142857146,0.0,S-08c8e1,Enterprise,2786,False,74.0,31139.0,7.0,0.0,0.0
A-0158bb,Company_461,FinTech,DE,2024-05-22,partner,Basic,5,False,False,1.0,3.0,32.0,0.0,S-fb9972,Pro,2205,False,97.0,29929.0,6.0,0.0,0.0
A-f19b24,Company_462,Cybersecurity,US,2023-01-10,organic,Pro,29,True,False,2.0,3.9906382978723407,35.5,1.0,S-31ac79,Basic,551,False,63.0,21870.0,5.0,0.0,0.0
A-798a3f,Company_463,DevTools,FR,2023-10-19,other,Enterprise,12,False,True,5.0,3.9925106382978726,33.0,0.0,S-4b9226,Enterprise,2587,False,29.0,5582.0,1.0,15.0,0.5
A-42b791,Company_464,FinTech,AU,2024-05-20,event,Pro,3,False,False,3.0,3.993758865248227,33.666666666666664,0.0,S-1dbbc2,Basic,380,False,17.0,1354.0,0.0,0.0,0.0
A-068fc6,Company_465,EdTech,US,2023-07-17,event,Enterprise,35,False,False,5.0,4.192510638297873,38.8,0.0,S-4690b3,Enterprise,6965,True,98.0,29480.0,6.0,17.0,0.1717171717171717
A-6f50ae,Company_466,FinTech,US,2023-09-21,partner,Pro,19,False,True,5.0,4.396255319148937,31.0,0.0,S-58b22d,Enterprise,3781,False,81.0,28406.0,1.0,0.0,0.0
A-a2485e,Company_467,FinTech,US,2024-08-04,event,Pro,3,True,False,0.0,3.0,0.0,0.0,S-2c3b6d,Enterprise,3383,False,40.0,11886.0,3.0,0.0,0.0
A-bb1eaa,Company_468,Cybersecurity,US,2024-06-11,organic,Basic,21,False,False,6.0,4.15418439716312,23.5,0.0,S-0a15fa,Pro,1225,False,41.0,9654.0,0.0,10.0,0.23809523809523808
A-cc98bc,Company_469,DevTools,US,2023-05-24,ads,Basic,32,False,False,3.0,3.9875177304964544,4.666666666666667,0.0,S-712e04,Basic,0,False,100.0,29440.0,4.0,30.0,0.297029702970297
A-d77f4c,Company_470,DevTools,US,2023-09-25,partner,Pro,4,True,False,2.0,4.0,31.0,0.0,S-d82234,Pro,196,True,66.0,16726.0,5.0,0.0,0.0
A-ccabf0,Company_471,HealthTech,IN,2023-11-06,organic,Pro,1,False,False,4.0,3.7453191489361704,46.25,0.0,S-d449e1,Basic,0,True,42.0,16464.0,0.0,0.0,0.0
A-700ade,Company_472,Cybersecurity,UK,2024-10-31,organic,Enterprise,1,True,False,4.0,4.49531914893617,30.25,0.0,S-15a8c0,Basic,950,False,19.0,4876.0,0.0,0.0,0.0
A-4a4c2d,Company_473,DevTools,US,2023-05-02,event,Enterprise,54,False,False,5.0,4.1962553191489365,42.0,0.0,S-79535e,Pro,2646,False,40.0,17596.0,7.0,0.0,0.0
A-b7ef83,Company_474,Cybersecurity,UK,2024-05-29,partner,Pro,1,True,False,2.0,3.9906382978723407,47.5,0.0,S-7ff88c,Pro,588,False,53.0,19091.0,1.0,0.0,0.0
A-e08cd3,Company_475,FinTech,US,2024-09-21,ads,Pro,67,True,False,8.0,3.9906382978723407,30.375,0.0,S-384681,Basic,1273,False,30.0,15051.0,0.0,11.0,0.3548387096774194
A-19b2c8,Company_476,DevTools,IN,2023-06-06,other,Pro,20,False,False,3.0,4.666666666666667,29.333333333333332,0.0,S-0c0691,Enterprise,3980,False,74.0,23955.0,1.0,9.0,0.12
A-970c97,Company_477,HealthTech,DE,2024-03-01,other,Enterprise,14,False,False,1.0,5.0,61.0,0.0,S-ccdc31,Pro,931,False,72.0,18455.0,4.0,7.0,0.0958904109589041
A-6dee43,Company_478,FinTech,UK,2023-08-12,other,Basic,3,True,False,5.0,4.192510638297873,44.2,0.0,S-46dfac,Pro,0,False,25.0,6687.0,2.0,0.0,0.0
A-5ed98d,Company_479,DevTools,US,2024-06-22,partner,Basic,24,False,False,5.0,4.185021276595745,35.8,0.0,S-5a5338,Basic,0,False,26.0,5407.0,0.0,9.0,0.3333333333333333
A-c58f49,Company_480,EdTech,US,2024-07-31,other,Enterprise,70,True,False,3.0,4.320851063829788,36.333333333333336,1.0,S-354f6f,Enterprise,13930,False,40.0,13924.0,4.0,0.0,0.0
A-9c18c4,Company_481,HealthTech,US,2023-07-27,ads,Pro,11,False,True,4.0,3.9906382978723407,42.25,0.0,S-2971ae,Enterprise,2189,False,86.0,28479.0,9.0,10.0,0.11494252873563218
A-cc8c8f,Company_482,DevTools,US,2024-06-16,ads,Enterprise,23,False,False,2.0,3.5,14.5,0.0,S-bc7cab,Basic,0,False,48.0,9685.0,4.0,15.0,0.30612244897959184
A-5f7781,Company_483,DevTools,US,2024-08-20,other,Pro,22,False,False,2.0,3.9906382978723407,28.5,0.0,S-d0bb87,Pro,1078,False,30.0,11298.0,2.0,0.0,0.0
A-e1b9cd,Company_484,DevTools,US,2023-02-26,event,Pro,40,False,True,1.0,3.0,35.0,0.0,S-66a625,Pro,1960,False,94.0,26960.0,8.0,0.0,0.0
A-ac85cd,Company_485,EdTech,US,2024-07-31,partner,Enterprise,53,False,False,3.0,3.660425531914894,33.666666666666664,0.0,S-f366b3,Pro,4165,False,49.0,10336.0,0.0,0.0,0.0
A-d792a6,Company_486,DevTools,US,2023-01-23,organic,Enterprise,4,False,False,5.0,3.988765957446809,40.6,0.0,S-761a0f,Enterprise,12935,False,45.0,6832.0,0.0,0.0,0.0
A-ac9111,Company_487,HealthTech,US,2023-08-12,event,Pro,21,True,False,3.0,4.320851063829788,24.666666666666668,0.0,S-2fe6c0,Basic,399,False,17.0,5605.0,3.0,5.0,0.2777777777777778
A-18793f,Company_488,EdTech,US,2024-12-18,organic,Basic,148,True,False,5.0,3.8,45.2,0.0,S-e2d4e9,Basic,0,False,53.0,19874.0,0.0,0.0,0.0
A-9f0b68,Company_489,EdTech,US,2024-04-28,ads,Basic,10,False,False,3.0,3.654184397163121,30.333333333333332,0.0,S-124336,Pro,0,False,48.0,14600.0,2.0,0.0,0.0
A-d3c88e,Company_490,DevTools,US,2024-10-18,event,Pro,16,False,False,3.0,3.9875177304964544,58.0,0.0,S-b5d3cc,Enterprise,3184,False,60.0,21082.0,10.0,18.0,0.29508196721311475
A-ccb686,Company_491,DevTools,US,2024-01-22,other,Basic,10,False,False,1.0,4.0,67.0,0.0,S-8f7c91,Basic,209,False,81.0,23231.0,7.0,0.0,0.0
A-118f1c,Company_492,Cybersecurity,US,2024-10-31,other,Pro,32,False,False,1.0,3.0,64.0,0.0,S-3fb8f4,Enterprise,6368,False,46.0,17129.0,0.0,0.0,0.0
A-0e966d,Company_493,FinTech,IN,2024-06-25,ads,Basic,11,False,True,3.0,4.3270921985815605,31.666666666666668,1.0,S-62c824,Basic,209,True,37.0,12236.0,4.0,18.0,0.47368421052631576
A-b9f5b1,Company_494,Cybersecurity,US,2023-01-24,other,Pro,15,True,False,6.0,3.3333333333333335,31.833333333333332,1.0,S-e78c09,Enterprise,2985,False,12.0,3048.0,2.0,0.0,0.0
A-8ae3fc,Company_495,DevTools,CA,2024-06-28,ads,Pro,9,False,False,4.0,3.7406382978723407,39.5,0.0,S-f20079,Basic,380,False,31.0,5202.0,0.0,10.0,0.3125
A-55f257,Company_496,FinTech,US,2023-12-21,organic,Basic,9,False,False,6.0,4.6604255319148935,43.166666666666664,0.0,S-19edee,Enterprise,4179,False,55.0,22365.0,0.0,19.0,0.3392857142857143
A-d26ab4,Company_497,DevTools,UK,2024-11-07,organic,Basic,9,False,True,2.0,3.9906382978723407,49.5,0.0,S-86571c,Enterprise,6567,False,21.0,8628.0,4.0,0.0,0.0
A-712533,Company_498,EdTech,US,2023-07-31,organic,Pro,18,False,False,5.0,3.796255319148936,37.4,0.0,S-906b0c,Pro,882,False,12.0,5256.0,0.0,12.0,0.9230769230769231
A-781cc0,Company_499,EdTech,US,2024-09-04,organic,Pro,12,False,False,4.0,3.7453191489361704,57.5,0.0,S-0896f4,Basic,228,False,148.0,53465.0,8.0,8.0,0.053691275167785234
